Barcode,Pathologist Annotation
AAACGAGACGGTTGAT-1,Tumour Parenchyma
AAACGGTTGCGAACTG-1,Mixed
AAACTCGGTTCGCAAT-1,Artefacts
AAACTGCTGGCTCCAA-1,Tumour Parenchyma
AAAGGCTACGGACCAT-1,Tumour Parenchyma
AAAGGCTCTCGCGCCG-1,Tumour Parenchyma
AAAGGGATGTAGCAAG-1,Tumour Parenchyma
AAATACCTATAAGCAT-1,Stroma
AAATCGTGTACCACAA-1,Artefacts
AAATTAACGGGTAGCT-1,Mixed
AACATTGTGACTCGAG-1,Stroma
AACCGAGCTTGGTCAT-1,Tumour Parenchyma
AACCTTTAAATACGGT-1,Mixed
AACGATAATGCCGTAG-1,Artefacts
AACGATATGTCAACTG-1,Artefacts
AACGCGACCTTGGGCG-1,Stroma
AACGCGGTCTCCAGCC-1,Tumour Parenchyma
AACGTGCGAAAGTCTC-1,Tumour Parenchyma
AACTAGGCTTGGGTGT-1,Tumour Parenchyma
AAGACCCAACTGAACA-1,Tumour Parenchyma
AAGACTGCAAGCTACT-1,Tumour Parenchyma
AAGAGCTCTTTATCGG-1,Tumour Parenchyma
AAGAGGCATGGATCGC-1,Tumour Parenchyma
AAGCATACTCTCCTGA-1,Tumour Parenchyma
AAGCTAGATCGAGTAA-1,Stroma
AAGCTCGTGCCAAGTC-1,Artefacts
AAGGTATCCTAATATA-1,Tumour Parenchyma
AAGTGAGTCGGGTTTA-1,Stroma
AATAGAACAGAGTGGC-1,Artefacts
AATAGTCCGTCCCGAC-1,Mixed
AATGACGTAGGATGTC-1,Artefacts
AATGCAACCGGGTACC-1,Tumour Parenchyma
AATTAAAGGTCGGCGT-1,Artefacts
AATTAACGGATTTCCA-1,Mixed
AATTAGCGCTGCAGCG-1,Tumour Parenchyma
AATTCCAAGCATGTAC-1,Mixed
AATTCTAGAGTTAGGC-1,Mixed
AATTGAACGCTCTGGT-1,Artefacts
ACAAATGGTAGTGTTT-1,Artefacts
ACAACAGCATGAGCTA-1,Artefacts
ACAAGGAAATCCGCCC-1,Mixed
ACAAGGGCAGGCTCTG-1,Tumour Parenchyma
ACAATTTGAGCAGTGG-1,Artefacts
ACACAAAGACGGGTGG-1,Tumour Parenchyma
ACACGAGACTCCTTCT-1,Artefacts
ACACGGGAACTTAGGG-1,Artefacts
ACACTGATCAAGGTGT-1,Tumour Parenchyma
ACATAATAAGGCGGTG-1,Artefacts
ACATCCCGGCCATACG-1,Tumour Parenchyma
ACATCGATCGTTTACC-1,Mixed
ACATTAGTTTATATCC-1,Tumour Parenchyma
ACCAACGCTTATTTAT-1,Tumour Parenchyma
ACCACAAGTTTCTATC-1,Tumour Parenchyma
ACCACGTGCAGCTATA-1,Tumour Parenchyma
ACCATATCCGCAATAA-1,Tumour Parenchyma
ACCCGGAAACTCCCAG-1,Mixed
ACCCGGTTACACTTCC-1,Mixed
ACCCGTGTCATCAGTA-1,Tumour Parenchyma
ACCGACTGAGTCCCAC-1,Mixed
ACCGCAATAACTGCCT-1,Artefacts
ACCTACTATAAATCTA-1,Mixed
ACGATACATAGAACTA-1,Tumour Parenchyma
ACGATCATACATAGAG-1,Tumour Parenchyma
ACGCAAACTAATAGAT-1,Artefacts
ACGCATTCGTGAGTAC-1,Artefacts
ACGCCGCTAGACGACC-1,Tumour Parenchyma
ACGCGAAGTCAGACGA-1,Tumour Parenchyma
ACGCGGGCCAAGGACA-1,Artefacts
ACGGCACTTGCTTGGG-1,Artefacts
ACGGCCAACATGGACT-1,Tumour Parenchyma
ACGGCGACGATGGGAA-1,Tumour Parenchyma
ACGTAGATTGCTGATG-1,Artefacts
ACGTTAATGTCGAAGA-1,Tumour Parenchyma
ACTACAAAGAGAGGTG-1,Artefacts
ACTACGCGTTAGAATT-1,Tumour Parenchyma
ACTCAATAAAGGCACG-1,Artefacts
ACTCCCTAATGCTAAA-1,Artefacts
ACTCCCTAGAATAGTA-1,Stroma
ACTCGTCAGTAATCCC-1,Mixed
ACTCTCTGACTTAGGT-1,Tumour Parenchyma
ACTCTTGTATAGTAAC-1,Artefacts
ACTGTACGATACACAT-1,Tumour Parenchyma
ACTGTCCAGGATTATA-1,Mixed
ACTGTCTTCTTTAGAA-1,Tumour Parenchyma
ACTTATTAGGATCGGT-1,Artefacts
ACTTCGCCATACGCAC-1,Tumour Parenchyma
ACTTGACTCCCTCTTT-1,Tumour Parenchyma
ACTTTCCTATAGCTTC-1,Artefacts
AGAACGTGGTACATTC-1,Artefacts
AGACCCACCGCTGATC-1,Mixed
AGACCCGCCCTCCTCG-1,Tumour Parenchyma
AGACTGTTACCGGGTC-1,Artefacts
AGATACTCAAGATCGA-1,Artefacts
AGATCTCAGGTGTGAT-1,Mixed
AGATTATAGGACGTTT-1,Tumour Parenchyma
AGCACCAGTACTCACG-1,Mixed
AGCAGCCAGATGAATA-1,Tumour Parenchyma
AGCCAAGCTTTGTGTC-1,Stroma
AGCCACTCCCGTGCTT-1,Artefacts
AGCCCGCAACAAGCAG-1,Mixed
AGCCCGGTAGCCTGTA-1,Stroma
AGCGACCAACGATATT-1,Tumour Parenchyma
AGCGCATAATGAATCG-1,Tumour Parenchyma
AGCGGACACTTCGTAG-1,Stroma
AGCGGGTCTGACACTC-1,Artefacts
AGCGTGGTATTCTACT-1,Mixed
AGCTCTAGACGTTCCA-1,Mixed
AGGAAGCTGTCCGCCG-1,Mixed
AGGACAGTCGAATCCC-1,Artefacts
AGGATAAAGTCGGGAT-1,Mixed
AGGCAGGGAGCGTACT-1,Tumour Parenchyma
AGGCCCATTGTACAGG-1,Artefacts
AGGCCTATCATACCAA-1,Stroma
AGGGACTCTACGCGAC-1,Tumour Parenchyma
AGGGCTGCAGTTACAG-1,Stroma
AGGGTTTAGTTCGGGA-1,Artefacts
AGGTGGTGACCTTCGC-1,Mixed
AGGTTGAGGCACGCTT-1,Tumour Parenchyma
AGGTTTCACACACCTT-1,Tumour Parenchyma
AGTACGGGCACCTGGC-1,Tumour Parenchyma
AGTATACACAGCGACA-1,Mixed
AGTATTTGGCACGACC-1,Artefacts
AGTCAACACCACCATC-1,Artefacts
AGTCTTCTCCTCAAAT-1,Tumour Parenchyma
AGTGACCTACTTTACG-1,Mixed
AGTGATATGAGTAGTT-1,Tumour Parenchyma
AGTTCCTATTTATGTT-1,Mixed
AGTTGACGGTCCTTGC-1,Mixed
ATAAACGGACCCGTAA-1,Artefacts
ATAAAGGCTCGGTCGT-1,Artefacts
ATAACGCCGGAGGGTC-1,Tumour Parenchyma
ATAACGGAGTCCAACG-1,Artefacts
ATAAGGTGGAGAACAT-1,Tumour Parenchyma
ATAAGTTACCGCGACG-1,Mixed
ATAATAGCTGTTGAAT-1,Artefacts
ATAATTAGCTAAGTAG-1,Mixed
ATACCTAACCAAGAAA-1,Stroma
ATACGAGGTTTGTAAG-1,Artefacts
ATACGCCGGCGAAACC-1,Tumour Parenchyma
ATACGTTATGCACGGA-1,Stroma
ATACTAGCATGACCCT-1,Artefacts
ATAGGGATATCCTTGA-1,Artefacts
ATAGGTTGGGCAGATG-1,Tumour Parenchyma
ATAGTGAAGCGTTCTC-1,Tumour Parenchyma
ATATCTTAGGGCCTTC-1,Tumour Parenchyma
ATATGGGATAGCAACT-1,Tumour Parenchyma
ATATTCCACATAGTGA-1,Tumour Parenchyma
ATATTTAACCCTCAAG-1,Tumour Parenchyma
ATCAATCTGGGCTGCA-1,Artefacts
ATCACTTCATCCTCGC-1,Artefacts
ATCATCCAATATTTGT-1,Mixed
ATCCAGAGCAACAACC-1,Tumour Parenchyma
ATCCAGGATTCGTGAA-1,Artefacts
ATCCCATTTCCGTGGG-1,Tumour Parenchyma
ATCCTACCTAAGCTCT-1,Tumour Parenchyma
ATCCTGCGTGGAATGG-1,Artefacts
ATCGACCCAATACAGA-1,Mixed
ATCGACTCTTTCCGTT-1,Tumour Parenchyma
ATCGCACGCCGGGAGA-1,Tumour Parenchyma
ATCGGAGACAGACGGC-1,Tumour Parenchyma
ATCGGCAAGCAGTCCA-1,Artefacts
ATCTAATATCCTACGG-1,Stroma
ATCTAGCTTGTGAGGG-1,Artefacts
ATCTGCTGTTATCGCC-1,Artefacts
ATCTGGTTAAGACTGT-1,Tumour Parenchyma
ATCTGTAATTGTACCC-1,Artefacts
ATGATCGGGAATAGAC-1,Artefacts
ATGATGCAATGGTACA-1,Stroma
ATGCATGATCCAGGAT-1,Tumour Parenchyma
ATGCCGGTCTTGCATA-1,Artefacts
ATGCGACAGTCCCATT-1,Artefacts
ATGGAGCAGGCCGTGA-1,Mixed
ATGGATTGACCAAACG-1,Tumour Parenchyma
ATGTGCATCCGACGCA-1,Tumour Parenchyma
ATGTGGACATCTTGAT-1,Stroma
ATGTTGTAGTCTGTTT-1,Tumour Parenchyma
ATTAAACATGCGGACC-1,Tumour Parenchyma
ATTAATACTACGCGGG-1,Tumour Parenchyma
ATTAATGAACCAGTCG-1,Artefacts
ATTAGGCGATGCTTTC-1,Artefacts
ATTATCGGAATGTACG-1,Mixed
ATTATGCCATAGGGAG-1,Artefacts
ATTCACTGATGTTGGA-1,Mixed
ATTCATATACTGTCCA-1,Artefacts
ATTGTCTGTTTCATGT-1,Stroma
CAAACGAGTATCGCAG-1,Mixed
CAAATGTCCTTCCGTG-1,Mixed
CAACTGCTCATCCGAT-1,Tumour Parenchyma
CAAGAGGGCGGAGTAC-1,Tumour Parenchyma
CAAGGATCGCATGTTC-1,Tumour Parenchyma
CAAGTAAGTGATAGAC-1,Mixed
CAATAAACCTTGGCCC-1,Artefacts
CAATTAAGGGTGATGA-1,Artefacts
CAATTTCGTATAAGGG-1,Artefacts
CACAATGAGCTGCTAT-1,Mixed
CACAGCACCCACGGCA-1,Mixed
CACAGCTAGGGAGTGA-1,Artefacts
CACAGGGCCGTTGTCA-1,Stroma
CACATATTAGCAGGAT-1,Tumour Parenchyma
CACATGATTCAGCAAC-1,Mixed
CACCGCCAGAAGGTTT-1,Tumour Parenchyma
CACCTTGCGAAACTCG-1,Artefacts
CACGCACAGCGCAGCT-1,Artefacts
CACGTTCGTGCTCTAG-1,Mixed
CACTAAAGTTGCCTAT-1,Artefacts
CACTCAAGAGCTATGG-1,Tumour Parenchyma
CACTCGAGCTGAACAA-1,Stroma
CACTCTCAAGCATCGA-1,Artefacts
CACTGACGATTGTGGA-1,Tumour Parenchyma
CAGACACCGATCGCTG-1,Tumour Parenchyma
CAGACGAACCTGATAC-1,Tumour Parenchyma
CAGAGACGGTCACCCA-1,Mixed
CAGAGCATGAGCTTGC-1,Artefacts
CAGAGGCGATGCATGA-1,Mixed
CAGCAGCCCGTTCCTT-1,Tumour Parenchyma
CAGCCTCCTGCAGAGG-1,Artefacts
CAGCTCACTGAGACAT-1,Tumour Parenchyma
CAGGATATATCGTTGT-1,Artefacts
CAGGCGCCATGCTAGG-1,Tumour Parenchyma
CAGTCTGTATACTGGG-1,Mixed
CAGTTCGAGGACCCGA-1,Stroma
CATACACGGTTCCCAC-1,Tumour Parenchyma
CATACGGCGTCTGGGC-1,Tumour Parenchyma
CATACTTCTTTCTCCG-1,Stroma
CATATAGGTACAGTCA-1,Artefacts
CATCGGACGGGTTAAT-1,Tumour Parenchyma
CATGATGCACAATTCT-1,Artefacts
CATGGTAAGTAGCGTT-1,Mixed
CATGGTCTAGATACCG-1,Tumour Parenchyma
CATTTGAGTGGTACGT-1,Tumour Parenchyma
CCAAGAAAGTGGGCGA-1,Tumour Parenchyma
CCAAGACTTCTGCGAA-1,Artefacts
CCAAGCGTAACTCGTA-1,Artefacts
CCAATGTCACAGCAAG-1,Artefacts
CCACACTGAGATATTA-1,Artefacts
CCACCCAAGGAAAGTG-1,Mixed
CCAGCCTGGACCAATA-1,Tumour Parenchyma
CCAGCTCGAACGCATT-1,Mixed
CCAGTCTTGTCATAGA-1,Mixed
CCATCGCAGTTAAACT-1,Mixed
CCATGCCTGTTTAGTA-1,Tumour Parenchyma
CCCGACCATAGTCCGC-1,Artefacts
CCCGCAGCGCGAACTA-1,Stroma
CCCGGGTCGTTCAGGG-1,Stroma
CCCTTTGACAGGTCTT-1,Stroma
CCGAACCTTCCCGGCC-1,Tumour Parenchyma
CCGCACAAAGACCAAC-1,Mixed
CCGCATGTGGTACGAT-1,Mixed
CCGCTATCAGCACCAG-1,Tumour Parenchyma
CCGGAGCGTACTTTCT-1,Mixed
CCGGGACCCGCAGAGA-1,Artefacts
CCGGGCGGTCTCGTCA-1,Artefacts
CCGTAAGTTGGTCCCA-1,Artefacts
CCTAAATTAACGGTTC-1,Mixed
CCTATATTTGTCCTGG-1,Mixed
CCTATGGGTTACCGTC-1,Tumour Parenchyma
CCTCGCGCTGTGCGAT-1,Tumour Parenchyma
CCTCGGACCGGGATAG-1,Artefacts
CCTCTAATCTGCCAAG-1,Artefacts
CCTCTGTACTATTCTA-1,Tumour Parenchyma
CCTGAATATTTACATA-1,Tumour Parenchyma
CCTGTCACCCGGGCTC-1,Tumour Parenchyma
CCTGTCGCCCGTAAAT-1,Tumour Parenchyma
CCTGTTCAACCTCGGG-1,Stroma
CCTTCAGTTAAAGTGA-1,Artefacts
CCTTGTGAACGTGGTT-1,Artefacts
CCTTTAAGGGAGCACT-1,Artefacts
CGAACCCGCATGCGTC-1,Stroma
CGAATGACGCATAATG-1,Stroma
CGAGACCCTAGAGTGT-1,Tumour Parenchyma
CGAGAGATGTGAACCT-1,Mixed
CGAGGCTAAATATGGC-1,Tumour Parenchyma
CGAGGGACTGCGGTCG-1,Tumour Parenchyma
CGAGGGTATCCAGGTG-1,Stroma
CGATACCTCGCGGACA-1,Mixed
CGATCCACCATTGTTG-1,Stroma
CGATCCGACCCAGTGC-1,Artefacts
CGATTAAATATCTCCT-1,Mixed
CGCATGGTGCGATGCT-1,Tumour Parenchyma
CGCATTAGCTAATAGG-1,Tumour Parenchyma
CGCCATCCGATTATGA-1,Artefacts
CGCCCAGCACGCCTAG-1,Tumour Parenchyma
CGCCCGCTTCCGTACA-1,Artefacts
CGCCGCCCATGCCTGT-1,Artefacts
CGCCTCCCTCCTCTAT-1,Mixed
CGCGCATGTTTGATTG-1,Artefacts
CGCGCCCGACTTAATA-1,Tumour Parenchyma
CGCGGGAATTAGGCAG-1,Tumour Parenchyma
CGCTACGGGACATTTA-1,Artefacts
CGCTATTCTTAGGCTC-1,Mixed
CGCTTAGTATTGATAC-1,Mixed
CGGAAAGAATCAAACG-1,Artefacts
CGGAACGTAAACATAG-1,Artefacts
CGGAGCAATTTAATCG-1,Tumour Parenchyma
CGGAGCATGGCGATCC-1,Mixed
CGGCAAACATCGTGCG-1,Mixed
CGGCCACGCACAAAGT-1,Tumour Parenchyma
CGGCCAGAGCGACCAT-1,Artefacts
CGGGAATTTATGTAAA-1,Tumour Parenchyma
CGGGATCAATGTAAGA-1,Tumour Parenchyma
CGGGCAGCTAAACCGC-1,Mixed
CGGGCCTTCTTTGTAA-1,Mixed
CGGTACTAGAATCAAA-1,Artefacts
CGGTCAAGTGGGAACC-1,Tumour Parenchyma
CGGTCCGTCGCAAGCC-1,Mixed
CGTAACTTCGACACTT-1,Stroma
CGTACCTGATAGGCCT-1,Tumour Parenchyma
CGTATTAAGAGATCTA-1,Stroma
CGTCACGTCCATTGGT-1,Tumour Parenchyma
CGTGAAGTTAATTCAC-1,Tumour Parenchyma
CGTGACCAGTCCTCTG-1,Tumour Parenchyma
CGTGCAGACTGGGACA-1,Tumour Parenchyma
CGTGCCCTCCCGAAGA-1,Artefacts
CGTTCAGACCCGCGAA-1,Mixed
CGTTGAGCGACCGTCG-1,Tumour Parenchyma
CGTTGCCCGCGTGGGA-1,Artefacts
CTAAAGGGAAATAGGA-1,Tumour Parenchyma
CTAAGGGAATGATTGG-1,Tumour Parenchyma
CTACGCACGGAGTACC-1,Mixed
CTACTGCCACCTGACC-1,Tumour Parenchyma
CTAGATTTACGACGGC-1,Mixed
CTAGCATAGTATAATG-1,Tumour Parenchyma
CTAGTCACGTCTTAAG-1,Tumour Parenchyma
CTAGTTACAACCCGGT-1,Mixed
CTAGTTGGGCCCGGTA-1,Mixed
CTATCGGGTCTCAACA-1,Artefacts
CTATGCCCGAATGCAA-1,Stroma
CTATGTCACTAGCCCA-1,Mixed
CTATTCATGTGTCCCA-1,Tumour Parenchyma
CTATTTGGTTACGGAT-1,Tumour Parenchyma
CTCATTTGATGGGCGG-1,Tumour Parenchyma
CTCCGGCCTAATATGC-1,Artefacts
CTCCTCCAGCTCACAC-1,Mixed
CTCGAGGTCGAACAGT-1,Tumour Parenchyma
CTCGCACCTATATAGT-1,Tumour Parenchyma
CTCGCCGAATGTAGGG-1,Artefacts
CTCTATTTGGCTGCAG-1,Stroma
CTCTCACAATCGATGA-1,Artefacts
CTCTGGACGCCTGGTG-1,Artefacts
CTCTTGTCCCGCTTGG-1,Tumour Parenchyma
CTGAATCCGAGACCTC-1,Mixed
CTGCACAACTACATAT-1,Mixed
CTGCACTCCAGTACAG-1,Mixed
CTGCCAAGGTTGGAAG-1,Tumour Parenchyma
CTGCCATGCATCACAT-1,Tumour Parenchyma
CTGCTTGGCGATAGCT-1,Artefacts
CTGGAAATGGATGCTT-1,Artefacts
CTGGATTTACACTTGA-1,Mixed
CTGGCTGGTTGTCAGT-1,Tumour Parenchyma
CTGGGATAAATAATGG-1,Artefacts
CTGTACTTCTTAGCAT-1,Artefacts
CTGTAGCCATCTCACT-1,Artefacts
CTGTGCAGGGTAGGTC-1,Tumour Parenchyma
CTGTTACCCAATCTAG-1,Mixed
CTGTTCACTGCCTGTG-1,Tumour Parenchyma
CTTAGCCTTCCACATG-1,Tumour Parenchyma
CTTCATTGTCAGTGGA-1,Tumour Parenchyma
CTTCCGCTCCGTGAAG-1,Tumour Parenchyma
CTTCTATTAATGCTAG-1,Artefacts
CTTGCCCAGGCTCTAC-1,Artefacts
CTTGGCCAAGCTGGGA-1,Mixed
CTTGTCAACATTCGAG-1,Stroma
CTTTAACTTTCAAAGG-1,Tumour Parenchyma
CTTTAATATTGGTCGA-1,Tumour Parenchyma
CTTTAGGAACACTGTT-1,Artefacts
CTTTAGTGCTATTATT-1,Tumour Parenchyma
CTTTCTGTGCGGGCTT-1,Mixed
GAAACCGAATTACCTT-1,Tumour Parenchyma
GAAACCTATACAAATG-1,Tumour Parenchyma
GAAAGCAGTGCACTTT-1,Tumour Parenchyma
GAAATTGTCTCTATAA-1,Artefacts
GAACCCTCTGTGTTCT-1,Artefacts
GAACTGTGGAGAGACA-1,Artefacts
GAAGCCTGCACATTCC-1,Stroma
GAAGCGTGAGGAATTT-1,Tumour Parenchyma
GAAGGAGTCGAGTGCG-1,Mixed
GAAGTCAGTTGCACTA-1,Tumour Parenchyma
GAAGTGATTTATCGTG-1,Artefacts
GAATCTGAACATTCTC-1,Mixed
GAATGTGGTCCGGATT-1,Artefacts
GAATGTTGGGTAATCT-1,Tumour Parenchyma
GAATTATAGTGAAAGG-1,Artefacts
GAATTCACCCGGGTGT-1,Mixed
GACAACGACCATTGAA-1,Artefacts
GACACAAGGGAAGAAA-1,Artefacts
GACACTGAGTTCAGTG-1,Artefacts
GACAGCCAGACCTGAC-1,Artefacts
GACATCGATTTATAAC-1,Tumour Parenchyma
GACCGTGCTGACGGTG-1,Artefacts
GACGACGATCCGCGTT-1,Tumour Parenchyma
GACGCCGTAAAGGCTA-1,Mixed
GACGGGTTGGCCCGTA-1,Stroma
GAGACTGATGGGTAGA-1,Tumour Parenchyma
GAGACTTCGCGACCGA-1,Artefacts
GAGATCTGTCACTCCG-1,Artefacts
GAGATCTTCCATGACA-1,Tumour Parenchyma
GAGATGGGAGTCGACA-1,Artefacts
GAGCGGAATGCGGTGT-1,Artefacts
GAGCTAAGGGCATATC-1,Artefacts
GAGGTACGCGTGTCCC-1,Artefacts
GAGTAGATACTAGTTG-1,Stroma
GAGTCAGACCAGAATC-1,Artefacts
GAGTCCGCTTACCGGA-1,Mixed
GATACGATGGGAGTCA-1,Artefacts
GATAGAACCCGCTAGG-1,Tumour Parenchyma
GATAGGTAACGTTGAC-1,Mixed
GATATGAGACACTAAC-1,Artefacts
GATCATTCCAAACATT-1,Tumour Parenchyma
GATCCCTTTATACTGC-1,Tumour Parenchyma
GATCCGGGAATTAACA-1,Mixed
GATCGCGGGCTCTCCA-1,Artefacts
GATCGGTGGCCATAAC-1,Mixed
GATCGTGACTGATATC-1,Mixed
GATCTGCTATCTAAGG-1,Mixed
GATCTTGGAGGGCATA-1,Tumour Parenchyma
GATGCGTCCTGCATTC-1,Tumour Parenchyma
GATGCTACCTTCGATG-1,Tumour Parenchyma
GATGCTGTATTTCATC-1,Mixed
GATTCCCTTGTCGCAG-1,Artefacts
GATTCGACGGTTCACG-1,Tumour Parenchyma
GCAAACCTTGGCCATA-1,Mixed
GCACTGCCTACCTTTA-1,Artefacts
GCAGATTAGGGATATC-1,Mixed
GCATAGAGCACTCAGG-1,Stroma
GCCATCGAGCTGCGTG-1,Tumour Parenchyma
GCCCGATCTGTGGTCG-1,Tumour Parenchyma
GCCCGTAATACCTTCT-1,Tumour Parenchyma
GCCGATTGGCCAAGCT-1,Mixed
GCCGGGTTAGGGTCGC-1,Tumour Parenchyma
GCCGGTCGTATCTCTC-1,Mixed
GCGAAACTTAACTGGA-1,Artefacts
GCGAAGCCATACCCGT-1,Tumour Parenchyma
GCGACGATAGTTGTAC-1,Mixed
GCGAGTTCTGCAAAGA-1,Tumour Parenchyma
GCGATTGTTAACGTTA-1,Mixed
GCGCCGTTCCACGATA-1,Tumour Parenchyma
GCGCGGTCTAGTAACT-1,Mixed
GCGCTAATTGAATAGA-1,Artefacts
GCGCTATGCCGAGGCA-1,Mixed
GCGGAGAGGGAGAACG-1,Artefacts
GCGGGCGAGCCTTACC-1,Tumour Parenchyma
GCGGTTCCCTATCATG-1,Mixed
GCGTCGCCAGGGTGAT-1,Tumour Parenchyma
GCTAAGTAGTTTCTCT-1,Tumour Parenchyma
GCTACGACTTATTGGG-1,Tumour Parenchyma
GCTAGTAGAGCTTGTA-1,Stroma
GCTCAATGTAATACCG-1,Mixed
GCTCCATGCAAAGCAA-1,Stroma
GCTCTAAACCCTGACG-1,Tumour Parenchyma
GCTCTCGGGTACCGAA-1,Tumour Parenchyma
GCTCTTTCCGCTAGTG-1,Tumour Parenchyma
GCTGAGGCGTGAGTAT-1,Tumour Parenchyma
GCTGCACGGTTTCTTA-1,Tumour Parenchyma
GCTGCTAAGTAGTCGA-1,Tumour Parenchyma
GCTGCTACTGCGTAGC-1,Tumour Parenchyma
GCTGCTCTCCGGACAC-1,Tumour Parenchyma
GCTGGCGGCGCATGCT-1,Tumour Parenchyma
GCTTAATGTAACTAAC-1,Artefacts
GCTTCCGTCCCTAGAC-1,Tumour Parenchyma
GGAACCGTGTAAATTG-1,Mixed
GGAATGCGCTAGCGTG-1,Tumour Parenchyma
GGACCAACAGGATAAC-1,Stroma
GGACTCGACAGCGCAT-1,Artefacts
GGAGACGACACCTTTG-1,Artefacts
GGAGCACCAAGAACTA-1,Artefacts
GGAGCGAGGCCTACTT-1,Artefacts
GGAGGGCTTGGTTGGC-1,Artefacts
GGATCCGGAATATACT-1,Tumour Parenchyma
GGATTTCACTTCTATA-1,Artefacts
GGCAAATTACTTTACT-1,Artefacts
GGCAAGCCCATAGTGG-1,Tumour Parenchyma
GGCAAGGCGAAATAGC-1,Tumour Parenchyma
GGCAATAGTCAATGAG-1,Artefacts
GGCCGTTTGGGTTTCA-1,Artefacts
GGCGCATGAATTGATG-1,Artefacts
GGCGCGTTCGAGTTTA-1,Mixed
GGCGGTAGGATCATTG-1,Artefacts
GGCTCTGCTCCAACGC-1,Artefacts
GGCTGAAATAGCAAAG-1,Tumour Parenchyma
GGCTTTCAATAAGGGT-1,Mixed
GGGACCCGTATATCTT-1,Tumour Parenchyma
GGGACTGCATAGATAG-1,Tumour Parenchyma
GGGAGAACTCACAGTA-1,Tumour Parenchyma
GGGAGGATGCCCGAAA-1,Artefacts
GGGAGTTAATGAGGCG-1,Artefacts
GGGCACGTAGTACTGT-1,Artefacts
GGGCAGAGCAATCGTT-1,Stroma
GGGCCCGTCTTAAACA-1,Artefacts
GGGCCGGCCGAAGTAC-1,Tumour Parenchyma
GGGCGATATGTGTGAA-1,Tumour Parenchyma
GGGCGTACATTTATAT-1,Tumour Parenchyma
GGGCGTCACCACGTAA-1,Mixed
GGGCTATGATCGATGG-1,Artefacts
GGGCTGCCTAGGGCGA-1,Artefacts
GGGTCAGGAGCTAGAT-1,Mixed
GGGTGACACCTTAACT-1,Tumour Parenchyma
GGGTTAACATTTGAGT-1,Stroma
GGTACAAACATGCTAT-1,Artefacts
GGTAGAAGACCGCCTG-1,Artefacts
GGTAGACCGTTGGGCG-1,Tumour Parenchyma
GGTAGTGCTCGCACCA-1,Artefacts
GGTATTGCCGAGTTTA-1,Mixed
GGTCAGTGGGTCCCAC-1,Mixed
GGTCGGTCGTCCACAG-1,Tumour Parenchyma
GGTCTGAGAATCTGGA-1,Tumour Parenchyma
GGTCTTGAGCGCTCTT-1,Artefacts
GGTGATAAGGAGCAGT-1,Tumour Parenchyma
GGTGCATAAATGATTA-1,Artefacts
GGTGCTGGTACACATT-1,Artefacts
GGTGTAGGTAAGTAAA-1,Mixed
GGTTTACAATCTCAAT-1,Artefacts
GTAACTGCCCAAGGAG-1,Artefacts
GTAAGCGGGCAGTCAG-1,Tumour Parenchyma
GTACACTTACCTGAAG-1,Artefacts
GTACAGAGGCAAGGGT-1,Tumour Parenchyma
GTACGAGATTGCGACA-1,Artefacts
GTACGCTTCATTGCAC-1,Mixed
GTACGTTTGCCCGTCA-1,Tumour Parenchyma
GTACTAAGATTTGGAG-1,Artefacts
GTACTGGAGTTAGACC-1,Tumour Parenchyma
GTAGCCAAACATGGGA-1,Mixed
GTAGCGGCTATACACT-1,Mixed
GTAGTCGCGGGAATCA-1,Artefacts
GTATAGGACTCAGTAG-1,Artefacts
GTATCTTTCATAACCA-1,Tumour Parenchyma
GTCAAGCGGACTCGGG-1,Mixed
GTCATGCACCTCCGTT-1,Artefacts
GTCATGGACATGACTA-1,Mixed
GTCATTAGAGCGAACG-1,Tumour Parenchyma
GTCCAATATTTAGCCT-1,Mixed
GTCCCAACGTAAAGTA-1,Artefacts
GTCGCGTAACCCGTTG-1,Tumour Parenchyma
GTCGGGAAGCAGAAAC-1,Tumour Parenchyma
GTCGTACCATCTCGGG-1,Artefacts
GTCGTTATTCGCTTAT-1,Mixed
GTCTATACACGCATGG-1,Artefacts
GTGACTTCAGTAGTGC-1,Mixed
GTGAGGACACTTAAGG-1,Tumour Parenchyma
GTGAGTGGTACAACGC-1,Mixed
GTGATCATAGATCTGC-1,Artefacts
GTGCACCAGCTTCAAC-1,Stroma
GTGCCCGTTCGGATTC-1,Artefacts
GTGCGGGTCTCCAAAT-1,Artefacts
GTGCTCAAGTACTGTC-1,Tumour Parenchyma
GTGGACGCATTTGTCC-1,Mixed
GTGGGAACAAACCGGG-1,Artefacts
GTGTACCTTGGCTACG-1,Tumour Parenchyma
GTGTGAATAACTTAGG-1,Tumour Parenchyma
GTGTTACTATGCGTCC-1,Mixed
GTTACCTACAACTTGC-1,Mixed
GTTACTTTGGGCCTAG-1,Tumour Parenchyma
GTTATATTATCTCCCT-1,Stroma
GTTCGCCATAAGTGCC-1,Artefacts
GTTGGATTTGCGTTGG-1,Artefacts
GTTGGTCATGCTATCC-1,Mixed
GTTTACGTTCCATCTG-1,Mixed
GTTTCTGCAGTCTCCC-1,Tumour Parenchyma
GTTTGACCAAATCCTA-1,Tumour Parenchyma
GTTTGGGCTTGTGAGC-1,Mixed
GTTTGGTAGGGTCAAC-1,Tumour Parenchyma
TAAAGCGGTATTTCCA-1,Stroma
TAAAGTGCACGTCTCG-1,Artefacts
TAACATACAATGTGGG-1,Tumour Parenchyma
TAACTCATCCGCGCGG-1,Mixed
TAAGGCAACATAAGAT-1,Artefacts
TAAGGCATAACATCAA-1,Mixed
TAATACACAGTAGTAT-1,Artefacts
TACAACGCACAACTCA-1,Mixed
TACATAGGCATACACC-1,Tumour Parenchyma
TACATTTCTAACGTGC-1,Artefacts
TACCAAATAGCCCAGA-1,Stroma
TACCAGAAGTAGGTTC-1,Stroma
TACCGGCTCACTGCCC-1,Tumour Parenchyma
TACCGTAGGTTAACTA-1,Mixed
TACCGTGCCTCGGACC-1,Mixed
TACCTACTCCCAGTAT-1,Mixed
TACCTCACGCTTGTAC-1,Artefacts
TACCTCAGTTGTCTGT-1,Stroma
TACGAACACGACTTCA-1,Artefacts
TACGACGCTTGCTGCG-1,Mixed
TACGACTGCCTCTTAG-1,Mixed
TACGCAGTTCTTTCCT-1,Artefacts
TACGCCATATTCTAAT-1,Mixed
TACGCCTCCATTCCGA-1,Tumour Parenchyma
TACTATGGTTCCTCAG-1,Artefacts
TACTCTTTCGTCTTCA-1,Artefacts
TAGAAAGGTGGCGCTA-1,Mixed
TAGAGTCTAAGCGAAC-1,Tumour Parenchyma
TAGATATGGACTGGAA-1,Stroma
TAGCGTTGGGTCTTAC-1,Tumour Parenchyma
TAGCTAAGTCCGGGAG-1,Tumour Parenchyma
TAGCTAGAAGGCATGA-1,Mixed
TAGCTAGTGATGATGG-1,Mixed
TAGCTCGCCTGATAAC-1,Stroma
TAGGTGCTCGCCTAGC-1,Artefacts
TAGGTGTTCCACAGAT-1,Stroma
TAGGTTCGAGTTCGTC-1,Mixed
TAGTCCCGGAGACCAC-1,Tumour Parenchyma
TAGTCCGCAGAGAATG-1,Artefacts
TATACACAGACGCCTT-1,Mixed
TATAGAGTCGCTTGAA-1,Artefacts
TATCCGCACCGTCGGG-1,Tumour Parenchyma
TATCTACCACAGCGGG-1,Tumour Parenchyma
TATGCTCCCTACTTAC-1,Tumour Parenchyma
TATGGATGTGCTACGC-1,Artefacts
TATGGGACCGAGCAGG-1,Tumour Parenchyma
TATGGGTACGTATCGT-1,Tumour Parenchyma
TATGGTCTGAGTAACA-1,Stroma
TATGTCTCATTGTGCC-1,Tumour Parenchyma
TATTCAATTCTAATCC-1,Artefacts
TATTCCACTCAGCTCG-1,Mixed
TATTCGTGCCAGAATA-1,Tumour Parenchyma
TCAAACAACCGCGTCG-1,Tumour Parenchyma
TCAAACTTAGATTGTT-1,Mixed
TCAACGAGGAGACAAA-1,Artefacts
TCAATACGCCGTCATG-1,Stroma
TCACAGCAAACTCGAA-1,Mixed
TCACAGGAGAATAAGA-1,Tumour Parenchyma
TCACAGGGAATCGCAA-1,Tumour Parenchyma
TCACCCTCTTAAGATT-1,Artefacts
TCACGTGCCCGATTCA-1,Stroma
TCAGACGCTATAGAAG-1,Mixed
TCAGCAAATGCATCTC-1,Artefacts
TCAGGGTGTAACGTAA-1,Artefacts
TCAGTAGGGACTATAA-1,Tumour Parenchyma
TCATATGAGCTTTGTT-1,Mixed
TCCAATAAAGGCTACC-1,Mixed
TCCACCTCTAGCCTTT-1,Mixed
TCCACTTTATCTAGGT-1,Tumour Parenchyma
TCCAGAGCACCGGTTC-1,Tumour Parenchyma
TCCAGGCGAGTACGGT-1,Tumour Parenchyma
TCCAGGGTATATACGA-1,Stroma
TCCCAAAGACGAAGGA-1,Tumour Parenchyma
TCCCAGCTTTAGTCTG-1,Stroma
TCCCGCGTACTCCTGG-1,Mixed
TCCCGTCAGTCCCGCA-1,Artefacts
TCCGATGACTGAGCTC-1,Tumour Parenchyma
TCCGCTGTCATCCCGG-1,Tumour Parenchyma
TCCGCTTATCCCATTA-1,Stroma
TCCGGTTCGTCCGGTC-1,Tumour Parenchyma
TCCTAACCGTCGGGCA-1,Artefacts
TCCTCGGGCTGGGCTT-1,Mixed
TCCTTTCTTACGCTTA-1,Tumour Parenchyma
TCGAGACCAACACCGT-1,Tumour Parenchyma
TCGCAAAGATGCATTT-1,Mixed
TCGCACCAGGAGGCAG-1,Artefacts
TCGCTCGATATATTCC-1,Tumour Parenchyma
TCGCTGGGCGGATTGT-1,Artefacts
TCGGACGCCCAGCCCA-1,Tumour Parenchyma
TCGGAGTACATGAGTA-1,Artefacts
TCGTAAGACGACATTG-1,Tumour Parenchyma
TCGTACCGACGTCAAG-1,Artefacts
TCGTGTACTATGGATG-1,Mixed
TCGTTAGGAGTCCCTA-1,Mixed
TCGTTGCTATCCGGTC-1,Artefacts
TCTACCGTCCACAAGC-1,Tumour Parenchyma
TCTAGCATGCCCAGAA-1,Tumour Parenchyma
TCTAGTTATCAGAAGA-1,Stroma
TCTATCGGTCGCAACA-1,Tumour Parenchyma
TCTGTGCCATCATAGT-1,Tumour Parenchyma
TCTTCGAATAGACGTT-1,Mixed
TCTTCGATACCAATAA-1,Tumour Parenchyma
TCTTGATGCGTAGCGA-1,Artefacts
TCTTGGTAACACCAAA-1,Artefacts
TGAAAGGACCTGACTC-1,Tumour Parenchyma
TGAATGAGTGTTTCCC-1,Mixed
TGACCAAATCTTAAAC-1,Tumour Parenchyma
TGACTATAATCCTTTC-1,Stroma
TGAGCGGAAAGTGTTC-1,Tumour Parenchyma
TGAGGAGTGCCAGCTT-1,Tumour Parenchyma
TGAGGTGTGTGGCGGA-1,Tumour Parenchyma
TGAGTAAATTAGCGTA-1,Mixed
TGATCACCACACTGAC-1,Mixed
TGATTCCCGGTTACCT-1,Tumour Parenchyma
TGCAAGAATGACGTAA-1,Tumour Parenchyma
TGCAGGATCGGCAAAG-1,Artefacts
TGCATGTGGTAATCTA-1,Tumour Parenchyma
TGCCAATGGGTACTCT-1,Tumour Parenchyma
TGCCACCTGGCGAAAC-1,Artefacts
TGCCAGTACGTGGAGA-1,Mixed
TGCCCGTACCGTTAAA-1,Tumour Parenchyma
TGCCGTGGATCGTCCT-1,Mixed
TGCGACACCCTAGTGC-1,Artefacts
TGCGCAAAGCATTTGG-1,Tumour Parenchyma
TGCGGAGTAAAGGTGC-1,Tumour Parenchyma
TGCGTTTGTTGACACT-1,Tumour Parenchyma
TGCTCGGCGAAACCCA-1,Stroma
TGCTGTTGAAGAACTC-1,Tumour Parenchyma
TGCTTCCCAAGCAGTA-1,Stroma
TGGACTGTTCGCTCAA-1,Artefacts
TGGCAAACTAAATTAC-1,Mixed
TGGCAAGCACAAGTCG-1,Mixed
TGGCAGATTACGATCA-1,Tumour Parenchyma
TGGCAGCAGTAATAGT-1,Mixed
TGGCCAAACTGAAGTA-1,Artefacts
TGGCGACTGCTCCAAA-1,Artefacts
TGGCGATCAAGTTATG-1,Tumour Parenchyma
TGGTCCCACGCTACGG-1,Artefacts
TGGTTCAACGGGTAAT-1,Tumour Parenchyma
TGGTTCGTAGCAAAGG-1,Tumour Parenchyma
TGTACGAACAAATCCG-1,Tumour Parenchyma
TGTATAACAGATCCTG-1,Tumour Parenchyma
TGTCCGCAAACAATTC-1,Artefacts
TGTGACTACGCCAGTC-1,Tumour Parenchyma
TGTGAGACTAGCCCAA-1,Tumour Parenchyma
TGTGGCGGGCTTCTGG-1,Stroma
TGTGGTTGCTAAAGCT-1,Tumour Parenchyma
TGTTCGTATTGCGGTG-1,Tumour Parenchyma
TGTTGTCAAGAAGTCT-1,Artefacts
TTAAAGGCGATGCTCG-1,Artefacts
TTAATGTAGACCAGGT-1,Tumour Parenchyma
TTACCCTAGGGATTGG-1,Stroma
TTACTAAAGGACTTTA-1,Tumour Parenchyma
TTACTCCGGCCGGGAA-1,Tumour Parenchyma
TTACTGGGATATTTCA-1,Artefacts
TTAGAAGAACATGACT-1,Tumour Parenchyma
TTAGAATAAGGGTCGG-1,Artefacts
TTAGACGAGTCACCTC-1,Tumour Parenchyma
TTATATACGCTGTCAC-1,Mixed
TTATATTTGGCAATCC-1,Tumour Parenchyma
TTATCTGTATCATAAC-1,Tumour Parenchyma
TTATGAATGAAAGGGA-1,Mixed
TTATGATCTTAACGAA-1,Tumour Parenchyma
TTATTAGAGCGTGTTC-1,Mixed
TTCAAAGTCTCTAGCC-1,Mixed
TTCACGAAAGGATCAC-1,Artefacts
TTCACTCGAGCACCTA-1,Mixed
TTCACTTCCTAGAACG-1,Stroma
TTCCAATCTGGCTATC-1,Mixed
TTCCACACAGATTTGA-1,Artefacts
TTCCGCGTGAGGCGAT-1,Tumour Parenchyma
TTCGACAGAGCCCGTG-1,Tumour Parenchyma
TTCGCACTGTACGACA-1,Stroma
TTCGCGCGCCATACGA-1,Artefacts
TTCGGGACTAATCGCG-1,Artefacts
TTCGGTACTGTAGAGG-1,Mixed
TTCTAGAAAGTCTTAT-1,Artefacts
TTCTATTAAACGCAGC-1,Mixed
TTCTGCCGCGCCTAGA-1,Stroma
TTGAATATGGACTTTC-1,Tumour Parenchyma
TTGACCATGTTCTCCG-1,Artefacts
TTGCACAATTCAGAAA-1,Tumour Parenchyma
TTGCACGGAGCAGCAC-1,Artefacts
TTGCTCCCATACCGGA-1,Tumour Parenchyma
TTGCTGAAGGAACCAC-1,Artefacts
TTGCTGATCATGTTCG-1,Tumour Parenchyma
TTGGATATCGTCTACG-1,Mixed
TTGGGACACTGCCCGC-1,Stroma
TTGGGCGGCGGTTGCC-1,Tumour Parenchyma
TTGGTCACACTCGTAA-1,Tumour Parenchyma
TTGTAAGGCCAGTTGG-1,Tumour Parenchyma
TTGTAATCCGTACTCG-1,Tumour Parenchyma
TTGTCGTTCAGTTACC-1,Tumour Parenchyma
TTGTGTATGCCACCAA-1,Tumour Parenchyma
TTGTGTTTCCCGAAAG-1,Mixed
TTGTTCAGTGTGCTAC-1,Tumour Parenchyma
TTGTTGTGTGTCAAGA-1,Artefacts
