Position_Index,X_Position,Y_Position,Baseline_Offset_[N],Baseline_Slope_[N/m],Contact_Point_Offset_[m],Young's_modulus_[Pa],Contact_Point_[m],Baseline_[N],Discontinuity_Position,Discontinuity_Width_[m],Adhesion_[N],ResidualRMS_[N],Grid,Sample,Spot X,Spot Y,AFM X,AFM Y,Distance,Barcode
0,0.0051459,0.0042724,1.8633e-09,-5.29873e-05,6.25277e-05,91.4801,7.60759e-08,-2.29648e-13,,0,0,1.16669e-11,grid01,Patient7a,7980,8094,7997.252470466229,8040.136934181397,41.48655533364805,CGTGTCCCATTCGCGA-1
1,0.0051659,0.0042724,-1.20408e-09,-1.45205e-05,6.20638e-05,467.601,-1.69326e-08,-3.83068e-12,,0,0,1.33499e-11,grid01,Patient7a,7980,8094,8022.5823230492115,8044.903113953112,47.67142151987623,CGTGTCCCATTCGCGA-1
2,0.0051859,0.0042724,3.05124e-09,-9.33931e-05,5.82423e-05,44.545,2.61132e-07,-8.36391e-12,,0,0,1.10182e-11,grid01,Patient7a,8100,8026,8047.912175632195,8049.669293724826,41.96686934289054,TGCGCGATTAACGGAG-1
3,0.0052059,0.0042724,-1.71831e-09,-1.94987e-05,6.12947e-05,228.425,3.37675e-08,8.74054e-13,,0,0,9.11549e-12,grid01,Patient7a,8100,8026,8073.242028215177,8054.435473496542,28.640564093663325,TGCGCGATTAACGGAG-1
4,0.0052259,0.0042724,-1.8528e-09,-2.6204e-05,5.62554e-05,27.2086,2.96766e-07,-8.55794e-12,,0,0,1.00812e-11,grid01,Patient7a,8100,8026,8098.571880798159,8059.201653268256,24.37640524835845,TGCGCGATTAACGGAG-1
5,0.0052459,0.0042724,-1.18932e-09,-4.36813e-05,5.66801e-05,117.503,9.75716e-08,-6.17216e-12,,0,0,9.85471e-12,grid01,Patient7a,8100,8026,8123.901733381142,8063.967833039971,32.90896209439231,TGCGCGATTAACGGAG-1
6,0.0052659,0.0042724,-4.82321e-09,1.24495e-05,6.0069e-05,104.094,8.27683e-08,-8.79498e-13,,0,0,7.65618e-12,grid01,Patient7a,8100,8026,8149.231585964125,8068.734012811686,47.818969787074494,TGCGCGATTAACGGAG-1
7,0.0052859,0.0042724,-4.75727e-09,6.75091e-06,6.20743e-05,499.407,4.45412e-08,-4.33478e-13,,0,0,1.27896e-11,grid01,Patient7a,8220,8096,8174.561438547107,8073.5001925834,37.192169482073716,GCTCTATGTTACGTGC-1
8,0.0053059,0.0042724,9.66574e-09,-0.000242748,5.75417e-05,164.202,3.63192e-08,1.97755e-13,,0,0,1.39398e-11,grid01,Patient7a,8220,8096,8199.89129113009,8078.266372355116,19.66641517192706,GCTCTATGTTACGTGC-1
9,0.0053259,0.0042724,-4.40053e-09,-6.72843e-06,6.16287e-05,124.042,5.82878e-08,5.3667e-12,,0,0,9.08325e-12,grid01,Patient7a,8220,8096,8225.221143713072,8083.0325521268305,10.25386428206285,GCTCTATGTTACGTGC-1
10,0.0053459,0.0042724,-4.8495e-09,-2.93417e-06,6.2899e-05,488.555,7.93069e-09,-1.35574e-13,,0,0,9.76936e-12,grid01,Patient7a,8220,8096,8250.550996296055,8087.798731898545,23.202995750211404,GCTCTATGTTACGTGC-1
13,0.0054059,0.0042724,-5.58549e-09,-7.19976e-07,6.488e-05,248.044,3.76601e-08,-9.18844e-13,,0,0,8.72201e-12,grid01,Patient7a,8340,8166,8326.540554045003,8102.09727121369,47.901994231074305,AGTCGGCCCAAACGAC-1
14,0.0054259,0.0042724,-6.27077e-09,7.21676e-06,6.42797e-05,1481.62,2.19952e-08,-9.22932e-13,,0,0,1.56083e-11,grid01,Patient7a,8340,8166,8351.870406627984,8106.863450985405,44.24275674147817,AGTCGGCCCAAACGAC-1
15,0.0054459,0.0042724,-2.38821e-09,-5.19328e-05,6.59631e-05,30.821,2.33619e-07,-4.32136e-12,,0,0,8.29894e-12,grid01,Patient7a,8340,8166,8377.200259210967,8111.629630757119,48.322928604611334,AGTCGGCCCAAACGAC-1
16,0.0054659,0.0042724,-4.69734e-09,-1.80998e-05,6.53569e-05,1222.61,3.37054e-08,-2.35696e-12,,0,0,1.47776e-11,grid01,Patient7a,8461,8097,8402.53011179395,8116.395810528834,45.186653684738,AACGTCAGACTAGTGG-1
17,0.0054859,0.0042724,-6.37421e-09,1.6427e-06,6.42453e-05,78.5758,1.03338e-07,3.17186e-13,,0,0,8.58557e-12,grid01,Patient7a,8461,8097,8427.859964376932,8121.161990300549,30.083598872823355,AACGTCAGACTAGTGG-1
18,0.0055059,0.0042724,1.17838e-08,-0.00028089,6.3654e-05,672.381,3.27038e-08,-1.69402e-12,,0,0,1.68878e-11,grid01,Patient7a,8461,8097,8453.189816959915,8125.928170072264,21.978980939214182,AACGTCAGACTAGTGG-1
21,0.0055059,0.0042924,-7.5729e-09,1.04934e-05,6.1903e-05,149.541,4.9475e-08,2.01898e-13,,0,0,1.09417e-11,grid01,Patient7a,8461,8097,8447.33066998516,8150.509487193039,40.51041847320376,AACGTCAGACTAGTGG-1
22,0.0054859,0.0042924,1.31094e-08,-0.00021547,6.42822e-05,386.206,-7.15316e-09,-4.21004e-12,,0,0,1.26055e-11,grid01,Patient7a,8461,8097,8422.000817402177,8145.743307421324,45.789426217599484,AACGTCAGACTAGTGG-1
23,0.0054659,0.0042924,3.48785e-09,-6.61845e-05,6.44889e-05,72.4647,1.5035e-07,-3.86564e-12,,0,0,1.11343e-11,grid01,Patient7a,8340,8166,8396.670964819194,8140.9771276496085,45.44085299105348,AGTCGGCCCAAACGAC-1
24,0.0054459,0.0042924,-1.50639e-09,7.17565e-07,6.48705e-05,915.138,-3.6804e-08,2.49061e-12,,0,0,1.10272e-11,grid01,Patient7a,8340,8166,8371.341112236212,8136.210947877894,31.716778116529284,AGTCGGCCCAAACGAC-1
25,0.0054259,0.0042924,-1.71816e-09,3.14766e-07,6.08635e-05,314.626,-2.04283e-08,3.1199e-12,,0,0,1.29946e-11,grid01,Patient7a,8340,8166,8346.011259653229,8131.444768106179,25.727423883877275,AGTCGGCCCAAACGAC-1
26,0.0054059,0.0042924,8.98567e-10,-4.18037e-05,6.34768e-05,120.313,8.60206e-08,9.36298e-13,,0,0,1.84858e-11,grid01,Patient7a,8340,8166,8320.681407070248,8126.678588334465,32.13580709080217,AGTCGGCCCAAACGAC-1
27,0.0053859,0.0042924,-1.709e-09,-5.27477e-06,6.34557e-05,528.538,-5.08625e-09,1.53646e-12,,0,0,1.07985e-11,grid01,Patient7a,8340,8166,8295.351554487264,8121.912408562749,46.02589800452433,AGTCGGCCCAAACGAC-1
28,0.0053659,0.0042924,1.38324e-10,-3.63876e-05,6.3387e-05,613.672,-4.83405e-08,3.82154e-12,,0,0,1.45092e-11,grid01,Patient7a,8220,8096,8270.021701904281,8117.146228791034,39.83552255018313,GCTCTATGTTACGTGC-1
29,0.0053459,0.0042924,-8.32361e-10,-2.47147e-05,6.09823e-05,961.733,8.95541e-09,4.16663e-12,,0,0,3.96968e-11,grid01,Patient7a,8220,8096,8244.6918493213,8112.38004901932,21.734727423092753,GCTCTATGTTACGTGC-1
30,0.0053259,0.0042924,1.3518e-08,-0.000271781,5.85012e-05,1041.98,1.33867e-08,8.62778e-12,,0,0,2.17587e-11,grid01,Patient7a,8220,8096,8219.361996738317,8107.613869247605,8.531783373660861,GCTCTATGTTACGTGC-1
31,0.0053059,0.0042924,1.18434e-10,-4.60447e-05,6.15809e-05,377.943,2.33289e-08,-8.23527e-13,,0,0,1.49946e-11,grid01,Patient7a,8220,8096,8194.032144155333,8102.84768947589,19.698926645455764,GCTCTATGTTACGTGC-1
32,0.0052859,0.0042924,-1.47473e-09,-2.2257e-05,6.41555e-05,597.483,4.32122e-10,-1.84051e-13,,0,0,9.6752e-12,grid01,Patient7a,8220,8096,8168.702291572352,8098.081509704175,37.658565114724844,GCTCTATGTTACGTGC-1
34,0.0052459,0.0042924,-3.43663e-09,3.44226e-06,6.62193e-05,72.8275,1.14581e-07,-1.71469e-12,,0,0,6.51318e-12,grid01,Patient7a,8100,8026,8118.042586406386,8088.549150160746,47.751334323838456,TGCGCGATTAACGGAG-1
35,0.0052259,0.0042924,-2.34713e-09,-1.5426e-05,6.33248e-05,69.4637,1.18371e-07,1.31102e-13,,0,0,8.69408e-12,grid01,Patient7a,8100,8026,8092.712733823404,8083.782970389031,42.72036407683499,TGCGCGATTAACGGAG-1
36,0.0052059,0.0042924,2.76084e-10,-5.84521e-05,6.26441e-05,35.6515,2.84e-07,-3.1225e-12,,0,0,8.65315e-12,grid01,Patient7a,8100,8026,8067.382881240422,8079.016790617316,45.658871165159304,TGCGCGATTAACGGAG-1
37,0.0051859,0.0042924,2.52736e-10,-6.82953e-05,5.62946e-05,89.4676,9.3436e-08,-1.09286e-13,,0,0,1.15637e-11,grid01,Patient7a,7980,8094,8042.0530286574385,8074.250610845601,47.76646222246341,CGTGTCCCATTCGCGA-1
38,0.0051659,0.0042924,-2.52383e-09,-2.27932e-05,5.99962e-05,695.803,-4.50458e-08,3.5605e-13,,0,0,1.36781e-11,grid01,Patient7a,7980,8094,8016.723176074456,8069.484431073886,32.38783035887782,CGTGTCCCATTCGCGA-1
39,0.0051459,0.0042924,-2.92435e-09,-1.70368e-05,6.31172e-05,156.322,7.49377e-08,-3.45462e-12,,0,0,8.2059e-12,grid01,Patient7a,7980,8094,7991.393323491474,8064.718251302172,23.04716098633114,CGTGTCCCATTCGCGA-1
40,0.0051459,0.0043124,1.70735e-09,-9.1374e-05,6.23851e-05,721.873,-7.49028e-08,4.78708e-11,,0,0,9.2712e-11,grid01,Patient7a,7980,8094,7985.5341765167195,8089.299568422946,5.32599889062938,CGTGTCCCATTCGCGA-1
41,0.0051659,0.0043124,-4.83537e-09,7.53013e-06,6.25606e-05,1394.9,-8.16843e-08,3.12276e-12,,0,0,1.2249e-11,grid01,Patient7a,7980,8094,8010.864029099702,8094.065748194661,22.6392570452367,CGTGTCCCATTCGCGA-1
42,0.0051859,0.0043124,-9.54637e-10,-6.30886e-05,5.52822e-05,85.0855,1.42092e-07,-1.67729e-12,,0,0,1.08171e-11,grid01,Patient7a,7980,8094,8036.193881682684,8098.831927966376,41.37111416201655,CGTGTCCCATTCGCGA-1
44,0.0052259,0.0043124,-4.89598e-09,1.36233e-06,6.54314e-05,110.193,5.9674e-08,1.95794e-12,,0,0,8.58557e-12,grid01,Patient7a,8099,8164,8086.85358684865,8108.364287509806,41.770838307450674,ACTGTAGCACTTTGGA-1
45,0.0052459,0.0043124,-2.73535e-09,-3.49322e-05,6.21847e-05,73.6146,1.15983e-07,-1.4736e-12,,0,0,9.49577e-12,grid01,Patient7a,8099,8164,8112.183439431632,8113.13046728152,38.54624405614435,ACTGTAGCACTTTGGA-1
46,0.0052659,0.0043124,-6.65396e-10,-6.5793e-05,6.55264e-05,153.237,1.57227e-08,-1.97374e-12,,0,0,1.2625e-11,grid01,Patient7a,8099,8164,8137.513292014614,8117.896647053235,44.06457035798139,ACTGTAGCACTTTGGA-1
48,0.0053059,0.0043124,-5.59876e-09,3.86616e-06,6.51805e-05,2254.37,-7.31081e-08,4.37086e-12,,0,0,2.16085e-11,grid01,Patient7a,8220,8096,8188.17299718058,8127.429006596665,32.809828021897594,GCTCTATGTTACGTGC-1
50,0.0053459,0.0043124,-5.80396e-09,3.06575e-06,6.76502e-05,193.232,4.54569e-08,1.55912e-12,,0,0,7.14883e-12,grid01,Patient7a,8220,8096,8238.832702346544,8136.9613661400945,33.0692458199918,GCTCTATGTTACGTGC-1
51,0.0053659,0.0043124,-5.78575e-09,1.07372e-06,6.40985e-05,96.2389,1.05193e-07,1.0104e-12,,0,0,8.26891e-12,grid01,Patient7a,8220,8096,8264.162554929528,8141.727545911809,46.63062587339839,GCTCTATGTTACGTGC-1
52,0.0053859,0.0043124,-4.72685e-09,-1.73199e-05,6.32348e-05,56.3246,1.61767e-07,-2.85087e-12,,0,0,1.01048e-11,grid01,Patient7a,8340,8166,8289.492407512509,8146.493725683524,39.7149825910779,AGTCGGCCCAAACGAC-1
53,0.0054059,0.0043124,1.05992e-08,-0.000250195,6.49279e-05,1899.79,-2.07727e-08,8.21784e-12,,0,0,2.32017e-11,grid01,Patient7a,8340,8166,8314.822260095492,8151.259905455239,21.400383688516417,AGTCGGCCCAAACGAC-1
55,0.0054459,0.0043124,-2.53724e-09,-5.4509e-05,6.48568e-05,491.551,1.83172e-08,6.67621e-13,,0,0,1.23197e-11,grid01,Patient7a,8340,8166,8365.481965261457,8160.7922649986685,19.077732512933274,AGTCGGCCCAAACGAC-1
58,0.0055059,0.0043124,-6.66182e-09,2.69494e-06,6.36437e-05,519.909,4.98496e-08,-8.93821e-12,,0,0,1.06406e-11,grid01,Patient7a,8460,8236,8441.471523010405,8175.090804313813,46.69919935815627,AAGGCGCGTAAAGCTT-1
60,0.0055259,0.0043324,-7.07681e-09,4.79369e-06,6.51635e-05,504.698,3.94237e-08,6.54229e-13,,0,0,8.26015e-12,grid01,Patient7a,8460,8236,8460.942228618633,8204.438301206303,23.16127051566059,AAGGCGCGTAAAGCTT-1
61,0.0055059,0.0043324,-1.8544e-09,-7.78607e-05,6.27364e-05,2228.34,-4.11102e-08,8.1736e-13,,0,0,1.7151e-11,grid01,Patient7a,8460,8236,8435.61237603565,8199.672121434587,32.09467315149659,AAGGCGCGTAAAGCTT-1
62,0.0054859,0.0043324,-4.11613e-09,-4.2501e-05,6.5565e-05,832.973,2.2569e-09,2.60328e-12,,0,0,1.27187e-11,grid01,Patient7a,8460,8236,8410.282523452666,8194.905941662873,47.31337093858516,AAGGCGCGTAAAGCTT-1
63,0.0054659,0.0043324,4.89327e-09,-0.000186604,6.36565e-05,7719.75,-1.14478e-07,1.80518e-11,,0,0,3.32135e-11,grid01,Patient7a,8340,8166,8384.952670869685,8190.139761891158,37.42699113897481,AGTCGGCCCAAACGAC-1
64,0.0054459,0.0043324,-7.33756e-09,1.68255e-06,6.45801e-05,119.833,5.12822e-08,-2.6947e-13,,0,0,2.72559e-11,grid01,Patient7a,8340,8166,8359.622818286702,8185.373582119443,20.226789664996396,AGTCGGCCCAAACGAC-1
65,0.0054259,0.0043324,6.88872e-09,-0.000215046,6.55953e-05,2212.32,-3.47199e-08,3.94347e-11,,0,0,3.74374e-11,grid01,Patient7a,8340,8166,8334.29296570372,8180.607402347729,11.50346933129921,AGTCGGCCCAAACGAC-1
66,0.0054059,0.0043324,-3.0076e-09,-6.76721e-05,6.38479e-05,142.127,7.74509e-08,4.03074e-12,,0,0,1.16223e-11,grid01,Patient7a,8340,8166,8308.963113120737,8175.841222576013,23.883048909828744,AGTCGGCCCAAACGAC-1
67,0.0053859,0.0043324,-7.71842e-09,2.51637e-06,6.62881e-05,1499.83,6.65405e-09,8.45934e-13,,0,0,8.79461e-12,grid01,Patient7a,8340,8166,8283.633260537754,8171.075042804298,41.51305428261644,AGTCGGCCCAAACGAC-1
69,0.0053459,0.0043324,-7.68993e-09,-1.03551e-06,6.33133e-05,872.403,-3.99646e-08,6.50749e-13,,0,0,1.12029e-11,grid01,Patient7a,8220,8096,8232.97355537179,8161.542683260869,49.009274026708894,GCTCTATGTTACGTGC-1
70,0.0053259,0.0043324,-7.13068e-09,-1.08069e-05,6.71647e-05,147.401,6.66336e-08,-2.18234e-12,,0,0,6.93784e-12,grid01,Patient7a,8220,8096,8207.643702788806,8156.7765034891545,45.492442810873314,GCTCTATGTTACGTGC-1
71,0.0053059,0.0043324,-8.2646e-09,3.99787e-06,6.09747e-05,1417.71,6.78651e-10,3.70547e-12,,0,0,9.79906e-12,grid01,Patient7a,8220,8096,8182.313850205825,8152.010323717439,49.51847329275236,GCTCTATGTTACGTGC-1
72,0.0052859,0.0043324,-7.88098e-09,-2.86842e-06,6.95702e-05,1112.94,-3.67257e-08,-2.78911e-12,,0,0,1.15881e-11,grid01,Patient7a,8099,8164,8156.983997622841,8147.244143945724,44.272327111749476,ACTGTAGCACTTTGGA-1
73,0.0052659,0.0043324,-8.57805e-09,5.64282e-06,6.71541e-05,720.092,4.77246e-10,7.70543e-13,,0,0,2.50227e-11,grid01,Patient7a,8099,8164,8131.654145039859,8142.47796417401,28.686796898074935,ACTGTAGCACTTTGGA-1
74,0.0052459,0.0043324,-8.3659e-09,1.00945e-06,6.52917e-05,28.8476,2.55942e-07,-1.63532e-12,,0,0,6.9277e-12,grid01,Patient7a,8099,8164,8106.324292456877,8137.711784402295,20.01722050440691,ACTGTAGCACTTTGGA-1
75,0.0052259,0.0043324,-7.37992e-09,-1.53254e-05,6.57804e-05,90.375,1.00508e-07,-3.44777e-13,,0,0,7.96113e-12,grid01,Patient7a,8099,8164,8080.9944398738935,8132.94560463058,26.330768109603355,ACTGTAGCACTTTGGA-1
76,0.0052059,0.0043324,-8.72021e-09,2.86241e-06,6.62618e-05,118.565,6.85525e-08,-1.95892e-14,,0,0,7.03196e-12,grid01,Patient7a,8099,8164,8055.664587290911,8128.179424858865,41.240671840191894,ACTGTAGCACTTTGGA-1
77,0.0051859,0.0043324,-8.3471e-09,-4.65293e-06,6.26773e-05,97.8549,8.13935e-08,-7.4236e-13,,0,0,7.99405e-12,grid01,Patient7a,7980,8094,8030.334734707929,8123.41324508715,42.762840636915385,CGTGTCCCATTCGCGA-1
78,0.0051659,0.0043324,-8.62172e-09,-2.05701e-06,6.39351e-05,109.842,6.45975e-08,-2.48464e-12,,0,0,7.22137e-12,grid01,Patient7a,7980,8094,8005.004882124947,8118.647065315436,25.753788892902904,CGTGTCCCATTCGCGA-1
79,0.0051459,0.0043324,-7.60526e-09,-1.70966e-05,6.71173e-05,37.5983,2.23755e-07,-3.28772e-12,,0,0,8.53162e-12,grid01,Patient7a,7980,8094,7979.675029541964,8113.880885543721,14.584861240724537,CGTGTCCCATTCGCGA-1
80,0.0051459,0.0043524,-7.5473e-09,-2.02711e-05,6.58872e-05,1071.87,-1.11707e-07,1.49e-12,,0,0,1.47944e-11,grid01,Patient7a,7980,8094,7973.815882567209,8138.462202664496,32.927608009305594,CGTGTCCCATTCGCGA-1
81,0.0051659,0.0043524,-2.90052e-09,-9.8979e-05,6.11615e-05,1255.74,-5.16287e-08,3.53668e-12,,0,0,1.34028e-11,grid01,Patient7a,7980,8094,7999.145735150192,8143.22838243621,38.74450417407907,CGTGTCCCATTCGCGA-1
83,0.0052059,0.0043524,-9.38651e-09,6.59932e-07,6.29855e-05,233.226,1.42207e-08,-7.63197e-13,,0,0,1.06078e-11,grid01,Patient7a,8099,8164,8049.805440316157,8152.7607419796395,37.0146854530498,ACTGTAGCACTTTGGA-1
84,0.0052259,0.0043524,-5.41863e-09,-6.20412e-05,6.40311e-05,477.119,1.99359e-09,2.71824e-13,,0,0,8.21147e-12,grid01,Patient7a,8099,8164,8075.135292899139,8157.526921751354,18.137614069973093,ACTGTAGCACTTTGGA-1
85,0.0052459,0.0043524,-8.65241e-09,-1.30026e-05,6.72026e-05,11.0967,4.9593e-07,-7.26944e-12,,0,0,5.74151e-12,grid01,Patient7a,8099,8164,8100.465145482122,8162.29310152307,1.6500246008310226,ACTGTAGCACTTTGGA-1
86,0.0052659,0.0043524,-7.56987e-09,-3.2361e-05,6.29348e-05,34.4281,2.63325e-07,-3.15224e-12,,0,0,8.20864e-12,grid01,Patient7a,8099,8164,8125.794998065105,8167.059281294784,19.78220286733587,ACTGTAGCACTTTGGA-1
87,0.0052859,0.0043524,-1.02046e-08,6.26564e-06,6.40613e-05,635.963,-1.83817e-08,4.02193e-12,,0,0,9.31423e-12,grid01,Patient7a,8099,8164,8151.124850648087,8171.825461066499,38.66279802930082,ACTGTAGCACTTTGGA-1
89,0.0053259,0.0043524,-9.45051e-09,-7.75509e-06,6.71449e-05,92.2152,7.98783e-08,9.32428e-14,,0,0,6.62374e-12,grid01,Patient7a,8219,8234,8201.784555814053,8181.357820609928,40.62616672873601,TGGCCGTATATTGACC-1
90,0.0053459,0.0043524,-1.01178e-08,3.65492e-07,6.55441e-05,139.459,1.18876e-07,2.98134e-14,,0,0,1.18701e-11,grid01,Patient7a,8219,8234,8227.114408397034,8186.124000381644,35.61855676293566,TGGCCGTATATTGACC-1
91,0.0053659,0.0043524,-1.0957e-08,1.19875e-05,6.45564e-05,772.255,1.64597e-08,5.91724e-13,,0,0,1.06486e-11,grid01,Patient7a,8219,8234,8252.444260980017,8190.890180153358,40.021758841247134,TGGCCGTATATTGACC-1
93,0.0054059,0.0043524,-7.66828e-09,-4.06777e-05,6.51228e-05,942.355,1.18608e-09,-6.43581e-12,,0,0,1.10517e-11,grid01,Patient7a,8340,8166,8303.103966145982,8200.422539696789,37.01325312665636,AGTCGGCCCAAACGAC-1
94,0.0054259,0.0043524,-1.05872e-08,1.87589e-06,6.59315e-05,559.059,1.7289e-08,1.4988e-12,,0,0,7.06629e-12,grid01,Patient7a,8340,8166,8328.433818728965,8205.188719468502,29.97132726451164,AGTCGGCCCAAACGAC-1
96,0.0054659,0.0043524,-8.80057e-09,-2.60816e-05,6.74777e-05,180.886,1.38572e-08,1.01769e-12,,0,0,2.80786e-11,grid01,Patient7a,8340,8166,8379.09352389493,8214.721079011932,45.81997224094116,AGTCGGCCCAAACGAC-1
97,0.0054859,0.0043524,-1.02213e-08,-7.30062e-06,6.54291e-05,671.834,-6.38035e-08,1.99298e-12,,0,0,1.1952e-11,grid01,Patient7a,8460,8236,8404.423376477913,8219.487258783647,42.52758402030373,AAGGCGCGTAAAGCTT-1
98,0.0055059,0.0043524,-1.8987e-10,-0.000160494,6.4621e-05,196.756,6.21997e-08,-2.04408e-12,,0,0,1.24169e-11,grid01,Patient7a,8460,8236,8429.753229060894,8224.253438555363,23.800801400057757,AAGGCGCGTAAAGCTT-1
100,0.0055259,0.0043724,-1.16475e-08,1.03803e-05,6.62818e-05,689.065,-8.93952e-09,-3.63706e-12,,0,0,1.3863e-11,grid01,Patient7a,8460,8236,8449.223934669122,8253.600935447852,15.138080285999392,AAGGCGCGTAAAGCTT-1
101,0.0055059,0.0043724,-1.01632e-08,-1.32297e-05,6.47929e-05,144.764,6.39234e-08,-1.98663e-12,,0,0,8.16078e-12,grid01,Patient7a,8460,8236,8423.894082086139,8248.834755676136,28.10774854810863,AAGGCGCGTAAAGCTT-1
102,0.0054859,0.0043724,-6.04921e-09,-7.874e-05,6.39878e-05,40.854,1.66369e-07,2.95468e-13,,0,0,9.7509e-12,grid01,Patient7a,8460,8236,8398.564229503158,8244.06857590442,45.45099574498862,AAGGCGCGTAAAGCTT-1
105,0.0054259,0.0043724,-1.05632e-08,-1.20793e-05,6.88746e-05,477.052,3.07037e-08,-1.48703e-11,,0,0,9.38776e-12,grid01,Patient7a,8340,8166,8322.57467175421,8229.770036589278,48.491116587597205,AGTCGGCCCAAACGAC-1
107,0.0053859,0.0043724,-1.10807e-08,-6.31586e-06,7.09429e-05,2164.89,-2.69252e-08,1.14796e-12,,0,0,1.13026e-11,grid01,Patient7a,8219,8234,8271.914966588245,8220.237677045847,40.10515815482142,TGGCCGTATATTGACC-1
108,0.0053659,0.0043724,-1.15203e-08,-1.43553e-06,6.79396e-05,118.211,6.16905e-08,2.17155e-13,,0,0,7.58299e-12,grid01,Patient7a,8219,8234,8246.585114005262,8215.471497274133,24.374800801852924,TGGCCGTATATTGACC-1
109,0.0053459,0.0043724,-1.05098e-08,-1.72329e-05,6.56875e-05,1400.67,1.39671e-08,3.97815e-12,,0,0,1.54494e-11,grid01,Patient7a,8219,8234,8221.255261422279,8210.705317502418,17.16687361478086,TGGCCGTATATTGACC-1
110,0.0053259,0.0043724,-5.89951e-09,-8.79872e-05,6.54633e-05,718.088,-3.73143e-08,-2.45667e-12,,0,0,1.57776e-11,grid01,Patient7a,8219,8234,8195.925408839297,8205.939137730704,26.648369881676814,TGGCCGTATATTGACC-1
111,0.0053059,0.0043724,-1.19707e-08,1.48043e-06,6.66389e-05,72.7863,1.05074e-07,9.45003e-13,,0,0,6.9061e-12,grid01,Patient7a,8219,8234,8170.595556256314,8201.172957958988,42.90026942881074,TGGCCGTATATTGACC-1
112,0.0052859,0.0043724,-1.04965e-08,-2.18508e-05,6.18142e-05,14.5613,5.00481e-07,-1.0223e-11,,0,0,7.35855e-12,grid01,Patient7a,8099,8164,8145.265703673332,8196.406778187273,41.433588229771665,ACTGTAGCACTTTGGA-1
113,0.0052659,0.0043724,-1.23913e-08,4.70334e-06,6.31001e-05,1278.46,-7.27241e-08,6.70842e-12,,0,0,3.00887e-11,grid01,Patient7a,8099,8164,8119.935851090349,8191.640598415559,25.43415150683275,ACTGTAGCACTTTGGA-1
114,0.0052459,0.0043724,-1.32975e-08,1.81263e-05,6.40198e-05,474.846,-8.03238e-09,-5.70416e-13,,0,0,1.76057e-11,grid01,Patient7a,8099,8164,8094.605998507366,8186.8744186438435,17.085471144212406,ACTGTAGCACTTTGGA-1
115,0.0052259,0.0043724,-1.21002e-08,-2.11364e-06,6.60694e-05,741.173,1.14069e-08,2.02113e-12,,0,0,1.08438e-11,grid01,Patient7a,8099,8164,8069.276145924384,8182.108238872129,25.530256905012667,ACTGTAGCACTTTGGA-1
116,0.0052059,0.0043724,-1.24651e-08,2.0363e-06,6.47299e-05,156.99,2.19738e-08,1.39324e-15,,0,0,7.58002e-12,grid01,Patient7a,8099,8164,8043.9462933414015,8177.342059100414,41.55163225579919,ACTGTAGCACTTTGGA-1
118,0.0051659,0.0043724,-1.18949e-08,-8.42381e-06,6.59079e-05,380.764,-2.31215e-08,-3.96609e-12,,0,0,1.03008e-11,grid01,Patient7a,7979,8232,7993.286588175436,8167.809699556985,48.236587931310154,AGGCCACCCGTTATGA-1
120,0.0051459,0.0043924,-7.73692e-11,-1.75316e-05,6.40746e-05,336.186,1.42741e-08,-6.32023e-12,,0,0,3.12204e-11,grid01,Patient7a,7979,8232,7962.097588617699,8187.624836906044,34.83109013235173,AGGCCACCCGTTATGA-1
121,0.0051659,0.0043924,1.02546e-08,-0.000168707,6.73593e-05,319.529,2.74459e-08,-3.82604e-12,,0,0,1.24579e-11,grid01,Patient7a,7979,8232,7987.427441200682,8192.391016677759,29.70409767893033,AGGCCACCCGTTATGA-1
122,0.0051859,0.0043924,4.60451e-09,-9.60403e-05,6.29662e-05,780.75,-8.02535e-09,4.30447e-11,,0,0,5.7118e-11,grid01,Patient7a,7979,8232,8012.757293783665,8197.157196449474,35.58546655728781,AGGCCACCCGTTATGA-1
123,0.0052059,0.0043924,-3.34145e-10,-2.07305e-05,6.28802e-05,81.4675,9.19922e-08,1.80789e-13,,0,0,1.08683e-11,grid01,Patient7a,7979,8232,8038.087146366647,8201.923376221188,48.63312526816796,AGGCCACCCGTTATGA-1
124,0.0052259,0.0043924,-1.2216e-09,-8.63204e-06,6.8334e-05,31.5647,2.21489e-07,-5.64978e-12,,0,0,2.53627e-11,grid01,Patient7a,8099,8164,8063.4169989496295,8206.689555992903,40.764841097392576,ACTGTAGCACTTTGGA-1
125,0.0052459,0.0043924,-1.88531e-09,-8.4196e-07,6.56977e-05,62.0086,1.23013e-07,-2.71682e-12,,0,0,7.76014e-12,grid01,Patient7a,8099,8164,8088.746851532612,8211.455735764619,35.61265710153079,ACTGTAGCACTTTGGA-1
126,0.0052659,0.0043924,-1.75647e-09,-4.56932e-06,6.63025e-05,1658.92,-1.81896e-08,1.28995e-12,,0,0,2.5691e-11,grid01,Patient7a,8099,8164,8114.076704115594,8216.221915536333,39.869961801281626,ACTGTAGCACTTTGGA-1
128,0.0053059,0.0043924,8.7222e-09,-0.000161046,6.71975e-05,203.917,1.47218e-08,6.35012e-12,,0,0,1.91201e-11,grid01,Patient7a,8219,8234,8164.73640928156,8225.754275079762,40.2600399946092,TGGCCGTATATTGACC-1
129,0.0053259,0.0043924,-1.44788e-09,-1.28191e-05,6.95068e-05,1361.25,-2.11469e-08,1.83515e-12,,0,0,1.27061e-11,grid01,Patient7a,8219,8234,8190.066261864542,8230.520454851478,21.37622722103719,TGGCCGTATATTGACC-1
130,0.0053459,0.0043924,-1.8363e-09,-8.75327e-06,6.70961e-05,3280.57,-2.21042e-08,1.51098e-12,,0,0,1.20223e-11,grid01,Patient7a,8219,8234,8215.396114447525,8235.286634623193,2.806918615188038,TGGCCGTATATTGACC-1
131,0.0053659,0.0043924,-1.45396e-09,-1.60077e-05,6.68327e-05,213.72,3.91032e-08,-1.7258e-12,,0,0,1.1694e-11,grid01,Patient7a,8219,8234,8240.725967030507,8240.052814394907,16.543213898398456,TGGCCGTATATTGACC-1
132,0.0053859,0.0043924,4.36028e-10,-4.23258e-05,7.05329e-05,89.767,1.43627e-07,-6.09832e-12,,0,0,1.02281e-11,grid01,Patient7a,8219,8234,8266.05581961349,8244.818994166622,35.41666969285911,TGGCCGTATATTGACC-1
134,0.0054259,0.0043924,2.69156e-09,-7.93575e-05,6.79049e-05,52.1642,2.19535e-07,-1.10304e-11,,0,0,9.35866e-12,grid01,Patient7a,8339,8304,8316.715524779454,8254.351353710052,39.918180096330005,ATCCAACGCAGTCATA-1
135,0.0054459,0.0043924,-7.92905e-10,-3.14996e-05,6.51951e-05,555.734,-4.2203e-09,-2.8264e-12,,0,0,1.62385e-11,grid01,Patient7a,8339,8304,8342.045377362438,8259.117533481767,32.99762764019949,ATCCAACGCAGTCATA-1
136,0.0054659,0.0043924,-1.13149e-09,-2.8036e-05,6.5335e-05,7665.97,-4.6505e-08,1.7378e-12,,0,0,2.69357e-11,grid01,Patient7a,8339,8304,8367.375229945419,8263.88371325348,36.04287987423525,ATCCAACGCAGTCATA-1
137,0.0054859,0.0043924,9.07324e-10,-5.87393e-05,6.67204e-05,830.915,8.53808e-09,-8.0182e-13,,0,0,1.0697e-11,grid01,Patient7a,8339,8304,8392.705082528402,8268.649893025196,47.16140775512131,ATCCAACGCAGTCATA-1
138,0.0055059,0.0043924,-2.52543e-09,-8.86815e-06,6.79775e-05,402.485,-2.27629e-08,4.13652e-12,,0,0,2.24974e-11,grid01,Patient7a,8460,8236,8418.034935111385,8273.41607279691,41.24039510210077,AAGGCGCGTAAAGCTT-1
139,0.0055259,0.0043924,2.59283e-09,-8.8329e-05,6.47344e-05,856.478,-8.32905e-09,-6.63257e-12,,0,0,2.44594e-11,grid01,Patient7a,8460,8236,8443.364787694367,8278.182252568626,33.26042549383335,AAGGCGCGTAAAGCTT-1
142,0.0054859,0.0044124,-3.64556e-09,1.65423e-06,7.03252e-05,4646.27,-5.87729e-08,4.27374e-12,,0,0,1.82146e-11,grid01,Patient7a,8339,8304,8386.845935553647,8293.23121014597,35.97362453694033,ATCCAACGCAGTCATA-1
143,0.0054659,0.0044124,-4.00453e-09,5.78303e-06,7.36855e-05,1241.94,-2.78815e-08,1.89634e-12,,0,0,1.27446e-11,grid01,Patient7a,8339,8304,8361.516082970664,8288.465030374256,20.06546039732807,ATCCAACGCAGTCATA-1
144,0.0054459,0.0044124,-3.96325e-09,4.55321e-06,7.1666e-05,1076.31,-4.73584e-09,1.16772e-12,,0,0,1.41216e-11,grid01,Patient7a,8339,8304,8336.186230387682,8283.698850602541,15.03353490227079,ATCCAACGCAGTCATA-1
145,0.0054259,0.0044124,-3.86657e-09,2.52849e-06,7.24844e-05,1032.81,-2.70433e-08,1.49247e-12,,0,0,9.23089e-12,grid01,Patient7a,8339,8304,8310.8563778047,8278.932670830825,27.645163671569286,ATCCAACGCAGTCATA-1
146,0.0054059,0.0044124,-3.37582e-09,-5.16235e-06,7.08626e-05,284.756,2.96522e-09,-2.51165e-12,,0,0,9.95729e-12,grid01,Patient7a,8339,8304,8285.526525221718,8274.166491059112,44.91510224041355,ATCCAACGCAGTCATA-1
147,0.0053859,0.0044124,-2.49745e-09,-1.80983e-05,7.02341e-05,1582.7,-6.41028e-08,2.19811e-12,,0,0,1.95071e-11,grid01,Patient7a,8219,8234,8260.196672638735,8269.400311287396,39.84237131770653,TGGCCGTATATTGACC-1
148,0.0053659,0.0044124,-4.24092e-09,5.18408e-06,7.19197e-05,93.5591,4.79861e-08,4.14104e-13,,0,0,7.73206e-12,grid01,Patient7a,8219,8234,8234.866820055751,8264.634131515682,25.30577437308376,TGGCCGTATATTGACC-1
150,0.0053259,0.0044124,-2.62178e-09,-1.94641e-05,7.02045e-05,503.66,-5.29549e-08,6.40196e-13,,0,0,9.9909e-12,grid01,Patient7a,8219,8234,8184.207114889787,8255.101771972251,29.848079362585597,TGGCCGTATATTGACC-1
151,0.0053059,0.0044124,-3.40273e-09,-9.53394e-06,6.87909e-05,223.868,3.20865e-08,1.0034e-12,,0,0,8.89352e-12,grid01,Patient7a,8219,8234,8158.877262306804,8250.335592200538,45.69973525356176,TGGCCGTATATTGACC-1
152,0.0052859,0.0044124,-3.80225e-09,-5.25744e-06,6.73486e-05,168.401,6.65667e-08,2.76436e-13,,0,0,8.69859e-12,grid01,Patient7a,8098,8302,8133.547409723822,8245.569412428822,48.92067010263685,CGCAAACACGAGTTAC-1
153,0.0052659,0.0044124,-3.29127e-09,-1.31053e-05,7.05362e-05,541.122,2.71033e-08,-1.28618e-11,,0,0,8.96482e-12,grid01,Patient7a,8098,8302,8108.217557140839,8240.803232657108,45.51006974218428,CGCAAACACGAGTTAC-1
154,0.0052459,0.0044124,-4.70497e-09,5.68194e-06,6.91278e-05,1128.3,-2.74872e-08,1.73567e-12,,0,0,1.13127e-11,grid01,Patient7a,8098,8302,8082.8877045578565,8236.037052885393,49.6383356354247,CGCAAACACGAGTTAC-1
156,0.0052059,0.0044124,-5.01366e-09,8.40879e-06,6.31742e-05,481.913,2.63257e-08,2.87311e-13,,0,0,7.87592e-12,grid01,Patient7a,7979,8232,8032.227999391892,8226.504693341964,39.25102157514058,AGGCCACCCGTTATGA-1
157,0.0051859,0.0044124,-4.66827e-09,2.25254e-06,6.69948e-05,563.493,-3.73176e-08,-2.77406e-13,,0,0,1.33406e-11,grid01,Patient7a,7979,8232,8006.898146808909,8221.738513570248,21.804070305587214,AGGCCACCCGTTATGA-1
158,0.0051659,0.0044124,2.61914e-09,-0.000106717,6.71394e-05,1067.3,-4.58979e-08,1.23141e-12,,0,0,2.31093e-11,grid01,Patient7a,7979,8232,7981.568294225926,8216.972333798534,11.182830641606516,AGGCCACCCGTTATGA-1
159,0.0051459,0.0044124,-4.57882e-09,-1.99159e-06,6.5345e-05,641.635,-2.22257e-08,-1.50488e-13,,0,0,1.09232e-11,grid01,Patient7a,7979,8232,7956.238441642944,8212.206154026819,22.125942974159067,AGGCCACCCGTTATGA-1
160,0.0051459,0.0044324,2.75325e-10,-7.55887e-05,6.63205e-05,906.962,-2.63802e-08,4.98657e-12,,0,0,1.3904e-11,grid01,Patient7a,7979,8232,7950.37929466819,8236.787471147592,21.285373939833143,AGGCCACCCGTTATGA-1
162,0.0051859,0.0044324,-4.42652e-09,-8.11324e-06,6.62283e-05,98.9744,9.65789e-08,-1.6125e-12,,0,0,9.02213e-12,grid01,Patient7a,7979,8232,8001.038999834154,8246.319830691024,19.278662097180373,AGGCCACCCGTTATGA-1
164,0.0052259,0.0044324,2.1507e-11,-7.63889e-05,6.69409e-05,4034.14,-6.0406e-08,-6.55248e-12,,0,0,3.57091e-11,grid01,Patient7a,8098,8302,8051.69870500012,8255.852190234453,47.95091248151255,CGCAAACACGAGTTAC-1
165,0.0052459,0.0044324,-5.53198e-09,4.18447e-06,6.65178e-05,222.338,2.28944e-08,1.55926e-12,,0,0,7.68479e-12,grid01,Patient7a,8098,8302,8077.028557583102,8260.618370006167,34.02937596512633,CGCAAACACGAGTTAC-1
166,0.0052659,0.0044324,-3.28057e-09,-2.91569e-05,6.72189e-05,1693.16,-1.04189e-07,4.07446e-12,,0,0,1.71696e-11,grid01,Patient7a,8098,8302,8102.3584101660845,8265.384549777882,27.047555923060223,CGCAAACACGAGTTAC-1
167,0.0052859,0.0044324,-2.75802e-09,-3.75783e-05,6.78081e-05,55.5694,1.47572e-07,-3.11383e-12,,0,0,8.11585e-12,grid01,Patient7a,8098,8302,8127.688262749067,8270.150729549598,31.937525989268867,CGCAAACACGAGTTAC-1
168,0.0053059,0.0044324,-4.0619e-09,-1.89167e-05,7.2e-05,1437.63,-4.72529e-08,7.30517e-13,,0,0,1.17791e-11,grid01,Patient7a,8098,8302,8153.01811533205,8274.916909321311,44.98115475717012,CGCAAACACGAGTTAC-1
169,0.0053259,0.0044324,-7.43342e-09,2.86705e-05,6.92879e-05,533.871,-1.14989e-08,2.44967e-12,,0,0,1.64663e-11,grid01,Patient7a,8219,8234,8178.347967915032,8279.683089093027,44.855655960426,TGGCCGTATATTGACC-1
170,0.0053459,0.0044324,-4.26844e-09,-1.85024e-05,7.03244e-05,65.7061,1.79827e-07,-8.07378e-12,,0,0,7.25989e-12,grid01,Patient7a,8219,8234,8203.677820498015,8284.44926886474,38.674346958292226,TGGCCGTATATTGACC-1
171,0.0053659,0.0044324,-5.77562e-09,1.43522e-06,7.0809e-05,1993.81,-3.50833e-08,2.48908e-12,,0,0,1.37023e-11,grid01,Patient7a,8219,8234,8229.007673080998,8289.215448636456,41.16119271510162,TGGCCGTATATTGACC-1
173,0.0054059,0.0044324,1.19244e-08,-0.00024697,6.92559e-05,909.748,-7.84512e-08,-7.08589e-13,,0,0,2.09499e-11,grid01,Patient7a,8339,8304,8279.667378246962,8298.747808179885,43.69150821973284,ATCCAACGCAGTCATA-1
174,0.0054259,0.0044324,-5.31461e-09,-7.57001e-06,7.03176e-05,3082.52,-1.46522e-08,1.39396e-12,,0,0,1.37365e-11,grid01,Patient7a,8339,8304,8304.997230829946,8303.513987951601,24.944063927669223,ATCCAACGCAGTCATA-1
175,0.0054459,0.0044324,1.03343e-08,-0.000239213,6.70389e-05,509.181,-1.68102e-08,1.1457e-11,,0,0,3.03098e-11,grid01,Patient7a,8339,8304,8330.327083412927,8308.280167723316,7.09423653463742,ATCCAACGCAGTCATA-1
176,0.0054659,0.0044324,-6.02663e-09,4.53218e-07,6.85834e-05,1669.88,-3.17833e-08,3.26931e-12,,0,0,1.31153e-11,grid01,Patient7a,8339,8304,8355.65693599591,8313.04634749503,13.903722194437242,ATCCAACGCAGTCATA-1
177,0.0054859,0.0044324,-6.25241e-09,2.67841e-06,7.23861e-05,469.455,3.46656e-10,1.72094e-12,,0,0,7.54934e-12,grid01,Patient7a,8339,8304,8380.986788578892,8317.812527266746,32.42163200364483,ATCCAACGCAGTCATA-1
179,0.0055259,0.0044324,-5.82615e-09,-5.24115e-06,6.98508e-05,515.243,-1.44408e-09,9.72854e-13,,0,0,8.06531e-12,grid01,Patient7a,8459,8374,8431.646493744858,8327.344886810175,39.67026556885041,TGTGTCGCGAGTTGCA-1
180,0.0055259,0.0044524,-6.21519e-09,-4.6295e-07,7.35204e-05,327.487,2.08922e-08,-3.64233e-12,,0,0,8.6423e-12,grid01,Patient7a,8459,8374,8425.787346770103,8351.926203930949,29.251798585267938,TGTGTCGCGAGTTGCA-1
181,0.0055059,0.0044524,1.4576e-08,-0.00028635,7.20194e-05,1295.33,-1.9042e-08,7.52178e-12,,0,0,3.63171e-11,grid01,Patient7a,8459,8374,8400.45749418712,8347.160024159235,47.23973846707136,TGTGTCGCGAGTTGCA-1
182,0.0054859,0.0044524,1.9997e-09,-0.000115829,7.08456e-05,91.6851,1.19112e-07,-2.38187e-12,,0,0,9.76551e-12,grid01,Patient7a,8339,8304,8375.127641604136,8342.39384438752,38.670144295177444,ATCCAACGCAGTCATA-1
183,0.0054659,0.0044524,6.1953e-11,-9.23673e-05,6.71587e-05,41.528,2.66407e-07,-1.72302e-11,,0,0,9.1162e-12,grid01,Patient7a,8339,8304,8349.797789021155,8337.627664615806,25.906785970832033,ATCCAACGCAGTCATA-1
185,0.0054259,0.0044524,-3.88813e-09,-3.79802e-05,6.92029e-05,44.7654,1.96153e-07,-3.45261e-12,,0,0,8.51057e-12,grid01,Patient7a,8339,8304,8299.138083855189,8328.095305072375,34.16598973544702,ATCCAACGCAGTCATA-1
186,0.0054059,0.0044524,-9.54177e-09,4.18997e-05,6.98538e-05,795.567,-3.28892e-08,4.53533e-13,,0,0,1.66822e-11,grid01,Patient7a,8339,8304,8273.808231272207,8323.329125300661,49.87671451026266,ATCCAACGCAGTCATA-1
187,0.0053859,0.0044524,-7.71977e-09,1.44162e-05,6.84508e-05,145.833,6.16293e-08,-1.01019e-12,,0,0,8.37797e-12,grid01,Patient7a,8218,8372,8248.478378689224,8318.562945528945,45.12424740625008,GTAAGTAGGGTATACC-1
188,0.0053659,0.0044524,-4.28411e-09,-3.38147e-05,7.25146e-05,112.032,7.9786e-08,-5.24396e-12,,0,0,8.54552e-12,grid01,Patient7a,8218,8372,8223.148526106243,8313.79676575723,42.85960830144457,GTAAGTAGGGTATACC-1
189,0.0053459,0.0044524,-5.66256e-09,-1.58426e-05,7.13199e-05,114.142,1.00922e-07,-7.69449e-12,,0,0,7.54039e-12,grid01,Patient7a,8218,8372,8197.81867352326,8309.030585985516,48.503172840494805,GTAAGTAGGGTATACC-1
191,0.0053059,0.0044524,-4.82126e-09,-2.82124e-05,7.1871e-05,1152.5,3.65227e-09,3.81356e-13,,0,0,7.74781e-12,grid01,Patient7a,8098,8302,8147.158968357295,8299.498226442087,36.105469591732316,CGCAAACACGAGTTAC-1
192,0.0052859,0.0044524,-5.25544e-09,-2.26451e-05,7.41681e-05,75.8121,1.22091e-07,-8.18447e-12,,0,0,6.92162e-12,grid01,Patient7a,8098,8302,8121.8291157743115,8294.732046670371,18.27392809208183,CGCAAACACGAGTTAC-1
193,0.0052659,0.0044524,-3.23276e-09,-5.45662e-05,6.85787e-05,208.076,3.6448e-08,-4.27767e-12,,0,0,1.09348e-11,grid01,Patient7a,8098,8302,8096.499263191329,8289.965866898656,8.89558280601658,CGCAAACACGAGTTAC-1
194,0.0052459,0.0044524,-6.17833e-09,-1.321e-05,6.87132e-05,104.225,9.22406e-08,-3.03703e-12,,0,0,8.70639e-12,grid01,Patient7a,8098,8302,8071.169410608347,8285.199687126942,23.22046018217096,CGCAAACACGAGTTAC-1
195,0.0052259,0.0044524,-7.27049e-09,1.54171e-06,6.7713e-05,607.391,-1.87243e-08,2.18662e-12,,0,0,1.33398e-11,grid01,Patient7a,8098,8302,8045.839558025364,8280.433507355227,41.40183064496004,CGCAAACACGAGTTAC-1
196,0.0052059,0.0044524,-6.70134e-09,-7.68857e-06,6.68131e-05,1368.99,-7.78681e-08,3.45584e-13,,0,0,1.45262e-11,grid01,Patient7a,7979,8232,8020.509705442381,8275.667327583513,44.19319147904075,AGGCCACCCGTTATGA-1
197,0.0051859,0.0044524,-2.98335e-09,-6.33466e-05,6.6424e-05,758.895,1.1093e-08,-5.22402e-13,,0,0,9.9585e-12,grid01,Patient7a,7979,8232,7995.179852859399,8270.901147811797,30.904262184989403,AGGCCACCCGTTATGA-1
198,0.0051659,0.0044524,1.3718e-08,-0.00029812,6.73852e-05,861.666,-6.26757e-08,5.5925e-12,,0,0,2.04361e-11,grid01,Patient7a,7979,8232,7969.850000276417,8266.134968040082,25.922424681402283,AGGCCACCCGTTATGA-1
202,0.0051859,0.0044724,-7.01462e-09,-8.30104e-06,6.92499e-05,301.205,7.49058e-10,-1.47203e-13,,0,0,9.47684e-12,grid01,Patient7a,7979,8232,7989.320705884645,8295.482464932571,47.17666063547661,AGGCCACCCGTTATGA-1
204,0.0052259,0.0044724,-6.92405e-09,-1.2258e-05,6.72201e-05,12119.4,-2.51997e-08,4.19283e-13,,0,0,2.57596e-11,grid01,Patient7a,8098,8302,8039.980411050609,8305.014824476002,42.615612541334876,CGCAAACACGAGTTAC-1
205,0.0052459,0.0044724,2.60305e-08,-0.00050334,6.59408e-05,2717.91,-2.01331e-08,-2.04908e-12,,0,0,1.92803e-11,grid01,Patient7a,8098,8302,8065.310263633592,8309.781004247716,24.648293899229273,CGCAAACACGAGTTAC-1
207,0.0052859,0.0044724,-3.24641e-09,-6.40835e-05,7.23836e-05,226.447,4.27925e-08,1.09074e-12,,0,0,1.15443e-11,grid01,Patient7a,8098,8302,8115.969968799557,8319.313363791147,18.30367744714234,CGCAAACACGAGTTAC-1
208,0.0053059,0.0044724,-1.37419e-09,-9.32632e-05,6.92786e-05,208.758,1.91631e-07,-7.59329e-12,,0,0,3.12563e-11,grid01,Patient7a,8098,8302,8141.299821382539,8324.07954356286,35.651968587521566,CGCAAACACGAGTTAC-1
209,0.0053259,0.0044724,-2.75784e-09,-7.26228e-05,7.19893e-05,39.1989,2.01219e-07,-1.16559e-12,,0,0,9.78048e-12,grid01,Patient7a,8218,8372,8166.629673965522,8328.845723334576,49.212204094308746,GTAAGTAGGGTATACC-1
210,0.0053459,0.0044724,-9.58965e-10,-6.39368e-07,7.25294e-05,759.842,-2.36325e-08,1.79871e-12,,0,0,1.211e-11,grid01,Patient7a,8218,8372,8191.959526548505,8333.61190310629,34.02551421302703,GTAAGTAGGGTATACC-1
211,0.0053659,0.0044724,1.08625e-08,-0.000172073,6.90156e-05,108.454,7.78082e-08,1.21306e-12,,0,0,1.85479e-11,grid01,Patient7a,8218,8372,8217.289379131487,8338.378082878005,24.66766375583383,GTAAGTAGGGTATACC-1
213,0.0054059,0.0044724,-5.37512e-10,-1.22982e-05,7.1062e-05,1962.44,-3.30299e-08,-1.23501e-13,,0,0,1.56345e-11,grid01,Patient7a,8218,8372,8267.949084297452,8347.910442421435,40.67677429194549,GTAAGTAGGGTATACC-1
214,0.0054259,0.0044724,6.1203e-09,-0.000107178,6.98114e-05,252.869,-9.42601e-09,-2.21413e-12,,0,0,1.61586e-11,grid01,Patient7a,8339,8304,8293.278936880435,8352.67662219315,48.98551482379948,ATCCAACGCAGTCATA-1
215,0.0054459,0.0044724,4.3699e-08,-0.000642807,6.94773e-05,939.873,3.96949e-08,9.47128e-12,,0,0,3.08763e-11,grid01,Patient7a,8339,8304,8318.608789463418,8357.442801964864,41.95762229247197,ATCCAACGCAGTCATA-1
216,0.0054659,0.0044724,2.14393e-09,-5.45144e-05,6.99332e-05,109.715,1.11392e-07,-8.27122e-12,,0,0,1.0113e-11,grid01,Patient7a,8339,8304,8343.9386420464,8362.20898173658,42.850518157799904,ATCCAACGCAGTCATA-1
218,0.0055059,0.0044724,-7.5837e-10,-1.3852e-05,7.75791e-05,183.041,3.0829e-08,-3.72743e-13,,0,0,9.99446e-12,grid01,Patient7a,8459,8374,8394.598347212364,8371.741341280009,47.26857465198882,TGTGTCGCGAGTTGCA-1
219,0.0055259,0.0044724,-2.38782e-09,6.28956e-06,7.19942e-05,168.478,4.90308e-08,2.35894e-12,,0,0,7.67528e-12,grid01,Patient7a,8459,8374,8419.928199795348,8376.507521051724,28.71868292972535,TGTGTCGCGAGTTGCA-1
220,0.0055259,0.0044924,6.57844e-10,-3.78271e-05,6.8033e-05,1388.61,-7.33512e-08,2.37248e-12,,0,0,1.75141e-11,grid01,Patient7a,8459,8374,8414.069052820592,8401.088838172498,38.48395843125031,TGTGTCGCGAGTTGCA-1
222,0.0054859,0.0044924,-1.6645e-09,-5.34774e-06,7.86964e-05,312.948,5.27643e-08,1.85742e-12,,0,0,9.47773e-12,grid01,Patient7a,8338,8442,8363.409347654628,8391.556478629069,41.430141607748716,ATGAGGAGTGTTAATC-1
223,0.0054659,0.0044924,-4.66256e-10,-2.21193e-05,7.4393e-05,216.533,3.58501e-08,-2.11699e-12,,0,0,9.885e-12,grid01,Patient7a,8338,8442,8338.079495071644,8386.790298857353,40.49714543688295,ATGAGGAGTGTTAATC-1
224,0.0054459,0.0044924,-1.68563e-09,-7.10146e-06,7.08306e-05,99.9195,7.46486e-08,1.11351e-12,,0,0,8.00244e-12,grid01,Patient7a,8338,8442,8312.749642488661,8382.02411908564,47.73305328075004,ATGAGGAGTGTTAATC-1
226,0.0054059,0.0044924,2.42894e-09,-6.65694e-05,7.05401e-05,71.1204,2.07304e-07,-9.77095e-12,,0,0,9.98542e-12,grid01,Patient7a,8218,8372,8262.089937322697,8372.49175954221,32.34260960241245,GTAAGTAGGGTATACC-1
227,0.0053859,0.0044924,-2.4897e-09,1.2015e-06,7.20233e-05,626.556,-2.36868e-08,1.29414e-12,,0,0,8.8384e-12,grid01,Patient7a,8218,8372,8236.760084739715,8367.725579770495,14.11345969259054,GTAAGTAGGGTATACC-1
228,0.0053659,0.0044924,4.15092e-09,-9.19655e-05,7.03065e-05,126.807,8.18996e-08,1.8358e-13,,0,0,1.25586e-11,grid01,Patient7a,8218,8372,8211.430232156732,8362.95939999878,8.197470656468312,GTAAGTAGGGTATACC-1
229,0.0053459,0.0044924,-2.40783e-09,-1.33246e-06,7.40405e-05,798.891,2.34844e-08,9.23591e-14,,0,0,7.73061e-12,grid01,Patient7a,8218,8372,8186.10037957375,8358.193220227065,25.496484814615783,GTAAGTAGGGTATACC-1
230,0.0053259,0.0044924,-2.77867e-09,3.08443e-06,7.1019e-05,800.695,-5.40214e-08,3.38763e-12,,0,0,1.47877e-11,grid01,Patient7a,8218,8372,8160.7705269907665,8353.42704045535,44.13395951769207,GTAAGTAGGGTATACC-1
231,0.0053059,0.0044924,-1.92745e-09,-9.34344e-06,7.25156e-05,267.184,3.93697e-08,-4.12647e-12,,0,0,7.66822e-12,grid01,Patient7a,8098,8302,8135.440674407784,8348.660860683636,43.88254860951992,CGCAAACACGAGTTAC-1
232,0.0052859,0.0044924,-2.72394e-09,9.58248e-07,7.49468e-05,3943.14,-5.47172e-10,-2.00804e-13,,0,0,1.45937e-11,grid01,Patient7a,8098,8302,8110.110821824802,8343.89468091192,31.988592448535666,CGCAAACACGAGTTAC-1
233,0.0052659,0.0044924,1.25382e-09,-5.50656e-05,7.065e-05,81.0258,1.76968e-07,-1.72246e-11,,0,0,8.17866e-12,grid01,Patient7a,8098,8302,8084.78096924182,8339.128501140205,28.908916501300233,CGCAAACACGAGTTAC-1
234,0.0052459,0.0044924,-1.55401e-09,-1.67771e-05,7.0281e-05,313.026,4.13524e-09,5.29629e-13,,0,0,8.6975e-12,grid01,Patient7a,8098,8302,8059.451116658836,8334.362321368491,36.919429732715095,CGCAAACACGAGTTAC-1
237,0.0051859,0.0044924,-2.54873e-09,-3.43146e-06,6.83556e-05,846.304,-2.2186e-08,1.90706e-12,,0,0,1.1188e-11,grid01,Patient7a,7978,8370,7983.461558909889,8320.063782053347,36.84735372836301,GGTTAGGCTTGGAGAA-1
240,0.0051459,0.0045124,-2.46542e-09,-8.97388e-06,7.13245e-05,209.962,1.533e-08,3.11394e-13,,0,0,8.70056e-12,grid01,Patient7a,7978,8370,7926.9427067691695,8335.112739630691,45.359232474127886,GGTTAGGCTTGGAGAA-1
242,0.0051859,0.0045124,-2.80384e-09,-6.79857e-06,6.68947e-05,432.517,-5.97143e-09,1.08961e-12,,0,0,1.02311e-11,grid01,Patient7a,7978,8370,7977.602411935134,8344.64509917412,18.60046791370875,GGTTAGGCTTGGAGAA-1
243,0.0052059,0.0045124,-3.46554e-09,1.6173e-06,6.56739e-05,1403.75,1.25345e-08,1.66893e-13,,0,0,1.27359e-11,grid01,Patient7a,7978,8370,8002.932264518117,8349.411278945836,23.717741728416456,GGTTAGGCTTGGAGAA-1
244,0.0052259,0.0045124,-3.70857e-09,3.96535e-06,6.95552e-05,914.944,1.28739e-08,1.14518e-13,,0,0,9.99311e-12,grid01,Patient7a,7978,8370,8028.2621171011,8354.177458717551,38.651630895110074,GGTTAGGCTTGGAGAA-1
246,0.0052659,0.0045124,-3.91217e-09,5.13203e-06,7.46417e-05,520.024,3.26378e-08,-1.84365e-13,,0,0,7.64892e-12,grid01,Patient7a,8098,8302,8078.921822267064,8363.70981826098,47.37888138244798,CGCAAACACGAGTTAC-1
247,0.0052859,0.0045124,-1.83071e-09,-2.44228e-05,7.12897e-05,8041.99,-5.59747e-08,7.69862e-12,,0,0,4.28112e-11,grid01,Patient7a,8098,8302,8104.2516748500475,8368.475998032694,48.97624693831746,CGCAAACACGAGTTAC-1
249,0.0053259,0.0045124,-1.89507e-09,-2.3997e-05,7.22867e-05,101.143,1.58354e-07,-2.02584e-11,,0,0,8.49143e-12,grid01,Patient7a,8218,8372,8154.911380016012,8378.008357576125,46.48579365971568,GTAAGTAGGGTATACC-1
250,0.0053459,0.0045124,5.85183e-09,-0.00013502,7.00681e-05,81.6723,1.52878e-07,-6.40433e-12,,0,0,1.41828e-11,grid01,Patient7a,8218,8372,8180.241232598994,8382.77453734784,28.802137714379505,GTAAGTAGGGTATACC-1
251,0.0053659,0.0045124,-3.97466e-09,2.4775e-06,7.10112e-05,755.551,-3.33176e-08,3.44941e-12,,0,0,1.05339e-11,grid01,Patient7a,8218,8372,8205.571085181977,8387.540717119555,14.596598704202146,GTAAGTAGGGTATACC-1
252,0.0053859,0.0045124,-2.23812e-09,-2.26604e-05,7.07233e-05,1587.94,-7.33599e-08,1.09479e-12,,0,0,1.73097e-11,grid01,Patient7a,8218,8372,8230.90093776496,8392.306896891268,17.64714375228818,GTAAGTAGGGTATACC-1
253,0.0054059,0.0045124,-1.95873e-09,-2.67872e-05,7.18619e-05,681.175,-7.18477e-09,-9.53221e-13,,0,0,9.79571e-12,grid01,Patient7a,8218,8372,8256.230790347943,8397.073076662984,33.535743670976096,GTAAGTAGGGTATACC-1
255,0.0054459,0.0045124,-3.97817e-09,-1.18181e-06,7.11989e-05,183.046,1.35676e-08,-4.65769e-14,,0,0,9.27995e-12,grid01,Patient7a,8338,8442,8306.890495513908,8406.605436206413,34.565387243802675,ATGAGGAGTGTTAATC-1
256,0.0054659,0.0045124,-7.80575e-10,-4.64462e-05,7.09004e-05,41.4457,2.10384e-07,-1.2879e-11,,0,0,8.02906e-12,grid01,Patient7a,8338,8442,8332.22034809689,8411.371615978129,22.862855856144407,ATGAGGAGTGTTAATC-1
257,0.0054859,0.0045124,-3.54892e-09,-7.9931e-06,7.406e-05,351.573,8.32224e-10,1.33619e-13,,0,0,9.56176e-12,grid01,Patient7a,8338,8442,8357.550200679872,8416.137795749843,23.780618001908145,ATGAGGAGTGTTAATC-1
258,0.0055059,0.0045124,-2.66648e-09,-2.22821e-05,6.76397e-05,1941.3,-2.4348e-08,7.62967e-12,,0,0,1.30638e-11,grid01,Patient7a,8338,8442,8382.880053262856,8420.903975521558,36.37566273314496,ATGAGGAGTGTTAATC-1
260,0.0055259,0.0045324,-4.67203e-09,4.414e-06,7.7427e-05,5746.72,-6.55109e-08,5.37358e-12,,0,0,2.28006e-11,grid01,Patient7a,8338,8442,8402.350758871082,8450.251472414047,47.588667712600646,ATGAGGAGTGTTAATC-1
261,0.0055059,0.0045324,-4.32922e-09,-5.19477e-07,7.3333e-05,319.527,1.82759e-08,5.48666e-13,,0,0,1.01848e-11,grid01,Patient7a,8338,8442,8377.0209062881,8445.485292642332,28.736336689230956,ATGAGGAGTGTTAATC-1
262,0.0054859,0.0045324,-4.5078e-09,1.09834e-06,6.79633e-05,2325.46,-3.03724e-08,4.47388e-12,,0,0,3.33453e-11,grid01,Patient7a,8338,8442,8351.691053705117,8440.719112870618,10.08643792635868,ATGAGGAGTGTTAATC-1
263,0.0054659,0.0045324,-4.74167e-09,3.61346e-06,7.37459e-05,1194.7,2.78987e-08,-6.14089e-13,,0,0,1.08221e-11,grid01,Patient7a,8338,8442,8326.361201122134,8435.952933098903,9.620750793819408,ATGAGGAGTGTTAATC-1
264,0.0054459,0.0045324,-3.74152e-09,-1.05381e-05,7.26547e-05,2280.57,-2.88196e-08,1.81899e-12,,0,0,1.83706e-11,grid01,Patient7a,8338,8442,8301.031348539153,8431.186753327189,28.253228022656536,ATGAGGAGTGTTAATC-1
265,0.0054259,0.0045324,1.92538e-09,-9.07407e-05,6.99611e-05,717.483,1.08381e-08,1.05249e-13,,0,0,1.14383e-11,grid01,Patient7a,8338,8442,8275.70149595617,8426.420573555473,47.10408022276583,ATGAGGAGTGTTAATC-1
266,0.0054059,0.0045324,-4.32819e-09,-4.00858e-06,7.17982e-05,152.898,6.73279e-08,-1.28205e-12,,0,0,8.42773e-12,grid01,Patient7a,8218,8372,8250.371643373186,8421.654393783758,43.47878896440954,GTAAGTAGGGTATACC-1
267,0.0053859,0.0045324,2.45141e-09,-9.87887e-05,7.08905e-05,149.842,2.98735e-08,-3.28582e-12,,0,0,1.45472e-11,grid01,Patient7a,8218,8372,8225.041790790205,8416.888214012044,33.32882985207556,GTAAGTAGGGTATACC-1
268,0.0053659,0.0045324,-4.86498e-09,1.86807e-06,7.25027e-05,127.141,6.25826e-08,-6.79755e-13,,0,0,6.58158e-12,grid01,Patient7a,8218,8372,8199.711938207221,8412.122034240329,32.34316219658238,GTAAGTAGGGTATACC-1
269,0.0053459,0.0045324,-4.21039e-09,-7.59961e-06,7.11843e-05,134.969,5.93246e-08,-2.2549e-12,,0,0,9.1381e-12,grid01,Patient7a,8218,8372,8174.382085624239,8407.355854468615,41.18510427945213,GTAAGTAGGGTATACC-1
270,0.0053259,0.0045324,-4.35295e-09,-6.82912e-06,6.89398e-05,60.6781,1.59478e-07,-1.56571e-12,,0,0,8.14287e-12,grid01,Patient7a,8097,8441,8149.052233041257,8402.5896746969,47.45099230889181,TTATGACAAACTGGAT-1
271,0.0053059,0.0045324,-1.78782e-09,-4.28296e-05,7.04145e-05,813.482,-6.03581e-08,-1.73342e-12,,0,0,1.54803e-11,grid01,Patient7a,8097,8441,8123.7223804582745,8397.823494925184,37.245599603296775,TTATGACAAACTGGAT-1
272,0.0052859,0.0045324,-4.65509e-09,-3.72929e-06,7.14326e-05,1122.92,-2.4346e-08,2.0079e-12,,0,0,1.73103e-11,grid01,Patient7a,8097,8441,8098.392527875292,8393.05731515347,35.18147439475211,TTATGACAAACTGGAT-1
273,0.0052659,0.0045324,-5.12062e-09,1.91091e-06,7.4242e-05,91.2109,8.07064e-08,-8.44335e-14,,0,0,6.89906e-12,grid01,Patient7a,8097,8441,8073.062675292309,8388.291135381754,42.4629370561812,TTATGACAAACTGGAT-1
275,0.0052259,0.0045324,-4.24325e-09,-1.16696e-05,6.96696e-05,1577.64,-2.34914e-09,1.30781e-12,,0,0,1.08632e-11,grid01,Patient7a,7978,8370,8022.402970126344,8378.758775838325,33.19782098807268,GGTTAGGCTTGGAGAA-1
277,0.0051859,0.0045324,-3.31461e-09,-2.7243e-05,6.69775e-05,191.881,2.33012e-08,-1.37442e-13,,0,0,9.94942e-12,grid01,Patient7a,7978,8370,7971.743264960379,8369.226416294896,4.624350225680781,GGTTAGGCTTGGAGAA-1
278,0.0051659,0.0045324,-4.58883e-09,-9.82131e-06,6.83415e-05,68.7292,1.33367e-07,-2.53776e-12,,0,0,7.61015e-12,grid01,Patient7a,7978,8370,7946.4134123773965,8364.46023652318,23.52284871013898,GGTTAGGCTTGGAGAA-1
279,0.0051459,0.0045324,-3.05733e-09,-3.197e-05,6.9664e-05,74.3187,8.96989e-08,2.32492e-12,,0,0,1.01315e-11,grid01,Patient7a,7978,8370,7921.083559794414,8359.694056751467,42.42791109563847,GGTTAGGCTTGGAGAA-1
280,0.0051459,0.0045524,-5.43903e-09,6.45579e-07,6.62303e-05,105.108,6.81145e-08,7.18614e-14,,0,0,7.55652e-12,grid01,Patient7a,7978,8370,7915.224412819659,8384.27537387224,47.22237380534718,GGTTAGGCTTGGAGAA-1
281,0.0051659,0.0045524,-7.32653e-09,2.90488e-05,6.45558e-05,353.052,-1.8114e-09,-3.14688e-12,,0,0,1.24966e-11,grid01,Patient7a,7978,8370,7940.554265402642,8389.041553643956,30.81426826754616,GGTTAGGCTTGGAGAA-1
282,0.0051859,0.0045524,-4.47881e-09,-1.483e-05,6.88584e-05,183.009,3.69038e-08,-2.32183e-14,,0,0,9.74445e-12,grid01,Patient7a,7978,8370,7965.8841179856245,8393.80773341567,19.59461921001993,GGTTAGGCTTGGAGAA-1
283,0.0052059,0.0045524,-4.61378e-09,-1.3991e-05,6.87001e-05,1198.11,-5.57907e-08,3.86417e-12,,0,0,1.28952e-11,grid01,Patient7a,7978,8370,7991.213970568607,8398.573913187385,23.092044239869725,GGTTAGGCTTGGAGAA-1
284,0.0052259,0.0045524,-5.81884e-09,2.0127e-06,7.01524e-05,1525.55,2.55732e-08,-1.23483e-12,,0,0,2.02489e-11,grid01,Patient7a,7978,8370,8016.543823151589,8403.340092959099,37.38180499167283,GGTTAGGCTTGGAGAA-1
285,0.0052459,0.0045524,-5.92142e-09,2.74124e-06,7.16777e-05,353.472,1.69099e-08,2.40047e-13,,0,0,7.75049e-12,grid01,Patient7a,8097,8441,8041.873675734572,8408.106272730814,47.08743928943957,TTATGACAAACTGGAT-1
286,0.0052659,0.0045524,-5.6463e-09,-1.52281e-06,7.4598e-05,4834.72,-2.05741e-08,1.12403e-12,,0,0,1.50593e-11,grid01,Patient7a,8097,8441,8067.203528317555,8412.87245250253,30.056087461125163,TTATGACAAACTGGAT-1
287,0.0052859,0.0045524,-2.27136e-09,-5.06319e-05,6.93807e-05,158.736,6.68974e-08,-4.95298e-12,,0,0,1.18605e-11,grid01,Patient7a,8097,8441,8092.533380900537,8417.638632274244,17.44629703329624,TTATGACAAACTGGAT-1
288,0.0053059,0.0045524,-5.84933e-09,-4.83711e-07,6.9574e-05,335.767,2.1862e-07,3.5181e-12,,0,0,2.75378e-11,grid01,Patient7a,8097,8441,8117.86323348352,8422.40481204596,20.49979509522386,TTATGACAAACTGGAT-1
289,0.0053259,0.0045524,-6.08431e-09,1.98488e-06,7.22517e-05,3336.75,-3.85246e-08,4.02277e-12,,0,0,1.41614e-11,grid01,Patient7a,8097,8441,8143.1930860665025,8427.170991817673,35.36910162539276,TTATGACAAACTGGAT-1
295,0.0054459,0.0045524,8.96814e-09,-0.000204797,7.26041e-05,1050.15,1.39443e-08,1.01375e-12,,0,0,1.60574e-11,grid01,Patient7a,8338,8442,8295.172201564397,8455.768070447963,32.99819799112563,ATGAGGAGTGTTAATC-1
297,0.0054859,0.0045524,-6.44828e-09,9.98415e-07,7.21142e-05,3356.28,-4.21609e-08,3.78326e-12,,0,0,3.22449e-11,grid01,Patient7a,8338,8442,8345.831906730362,8465.300429991392,18.03086093637771,ATGAGGAGTGTTAATC-1
298,0.0055059,0.0045524,3.26146e-09,-0.00012306,7.70708e-05,456.406,-6.26409e-08,-3.50232e-12,,0,0,1.39061e-11,grid01,Patient7a,8338,8442,8371.161759313345,8470.066609763107,31.867264268105483,ATGAGGAGTGTTAATC-1
299,0.0055259,0.0045524,-5.72328e-09,-8.3137e-06,7.97319e-05,4557.97,-4.51279e-08,5.82792e-12,,0,0,3.17964e-11,grid01,Patient7a,8338,8442,8396.491611896328,8474.832789534823,49.20159092782067,ATGAGGAGTGTTAATC-1
301,0.0055059,0.0045724,-2.0131e-09,-5.87793e-05,7.45281e-05,885.001,-3.23713e-08,4.28224e-12,,0,0,1.78938e-11,grid01,Patient7a,8338,8442,8365.30261233859,8494.647926883881,43.502014851323175,ATGAGGAGTGTTAATC-1
302,0.0054859,0.0045724,-6.60039e-09,7.36653e-07,7.27868e-05,562.577,-3.2116e-08,1.90663e-12,,0,0,1.13944e-11,grid01,Patient7a,8338,8442,8339.972759755607,8489.881747112167,35.1517416459958,ATGAGGAGTGTTAATC-1
303,0.0054659,0.0045724,-6.26812e-09,-4.58638e-06,6.99349e-05,404.289,-7.41366e-09,7.79025e-13,,0,0,9.97281e-12,grid01,Patient7a,8338,8442,8314.642907172625,8485.115567340452,35.96843084480933,ATGAGGAGTGTTAATC-1
304,0.0054459,0.0045724,-3.80425e-09,-3.94332e-05,6.95804e-05,550.913,8.17583e-09,-1.26972e-12,,0,0,1.26774e-11,grid01,Patient7a,8338,8442,8289.313054589642,8480.349387568736,45.46069209985562,ATGAGGAGTGTTAATC-1
305,0.0054259,0.0045724,-5.39724e-10,-8.46822e-05,7.0779e-05,909.463,-1.34437e-08,-6.47881e-14,,0,0,1.50722e-11,grid01,Patient7a,8217,8511,8263.983202006659,8475.583207797023,43.15764098336025,TCAGTACTGACCCGCG-1
306,0.0054059,0.0045724,-3.90337e-09,-3.77563e-05,7.21668e-05,1352.14,-1.16778e-08,4.65778e-13,,0,0,9.9339e-12,grid01,Patient7a,8217,8511,8238.653349423677,8470.817028025307,33.481843274892015,TCAGTACTGACCCGCG-1
307,0.0053859,0.0045724,-5.55475e-09,-1.64966e-05,7.14513e-05,127.911,8.63689e-08,-5.37276e-12,,0,0,7.19952e-12,grid01,Patient7a,8217,8511,8213.323496840694,8466.050848253593,33.08094791551654,TCAGTACTGACCCGCG-1
308,0.0053659,0.0045724,-6.93665e-09,1.76568e-06,7.1028e-05,241.695,4.81379e-08,8.30694e-13,,0,0,7.70078e-12,grid01,Patient7a,8217,8511,8187.993644257712,8461.284668481878,42.21999328473308,TCAGTACTGACCCGCG-1
309,0.0053459,0.0045724,-7.09317e-09,3.65104e-06,7.12067e-05,743.583,-3.66755e-08,3.45764e-12,,0,0,1.10071e-11,grid01,Patient7a,8097,8441,8162.6637916747295,8456.518488710162,49.49214341199108,TTATGACAAACTGGAT-1
310,0.0053259,0.0045724,-8.08389e-11,-9.7581e-05,6.78502e-05,291.309,3.90608e-08,-9.25459e-13,,0,0,1.36927e-11,grid01,Patient7a,8097,8441,8137.333939091747,8451.752308938449,30.618741108204073,TTATGACAAACTGGAT-1
311,0.0053059,0.0045724,-6.28812e-09,-9.2963e-06,7.22603e-05,2628.56,-4.0227e-08,5.49067e-12,,0,0,3.77986e-11,grid01,Patient7a,8097,8441,8112.004086508764,8446.986129166733,11.849294774724653,TTATGACAAACTGGAT-1
312,0.0052859,0.0045724,-4.22545e-09,-3.61654e-05,7.51493e-05,142.293,4.66321e-08,-6.04168e-12,,0,0,8.93836e-12,grid01,Patient7a,8097,8441,8086.674233925782,8442.21994939502,7.626775093999522,TTATGACAAACTGGAT-1
313,0.0052659,0.0045724,-7.17474e-09,1.80347e-06,7.35197e-05,105.27,8.93944e-08,-1.72541e-12,,0,0,6.63453e-12,grid01,Patient7a,8097,8441,8061.344381342799,8437.453769623304,26.282942036225243,TTATGACAAACTGGAT-1
314,0.0052459,0.0045724,-6.02933e-09,-1.39773e-05,7.32475e-05,175.725,5.84283e-08,-5.06878e-14,,0,0,7.50828e-12,grid01,Patient7a,8097,8441,8036.014528759817,8432.687589851588,45.147334560234036,TTATGACAAACTGGAT-1
315,0.0052259,0.0045724,-5.89632e-09,-1.63745e-05,7.22814e-05,275.035,8.92579e-09,5.22866e-14,,0,0,7.77155e-12,grid01,Patient7a,7978,8370,8010.684676176834,8427.921410079874,48.78381544211103,GGTTAGGCTTGGAGAA-1
316,0.0052059,0.0045724,-1.58124e-09,-7.76206e-05,7.12569e-05,336.307,-4.90728e-09,-9.98653e-13,,0,0,1.50726e-11,grid01,Patient7a,7978,8370,7985.3548235938515,8423.155230308159,39.36158078988705,GGTTAGGCTTGGAGAA-1
317,0.0051859,0.0045724,-7.27255e-09,7.21528e-07,6.99384e-05,4735.69,-5.70049e-08,6.24022e-12,,0,0,3.68348e-11,grid01,Patient7a,7978,8370,7960.024971010869,8418.389050536445,37.863846444025675,GGTTAGGCTTGGAGAA-1
318,0.0051659,0.0045724,-6.5971e-09,-9.73609e-06,6.77403e-05,1927.2,-2.16226e-08,8.45271e-13,,0,0,1.06708e-11,grid01,Patient7a,7978,8370,7934.695118427887,8413.62287076473,45.08737212195456,GGTTAGGCTTGGAGAA-1
319,0.0051459,0.0045724,-5.69044e-09,-2.38135e-05,6.70089e-05,337.315,1.48774e-08,7.34136e-13,,0,0,9.67683e-12,grid01,Patient7a,7857,8439,7909.365265844904,8408.856690993014,44.31992594457162,GAAGCTTGCTGACCGC-1
320,0.0051459,0.0045924,-5.78029e-09,-2.34919e-05,6.75503e-05,1510.27,-4.26177e-08,1.46031e-12,,0,0,1.48296e-11,grid01,Patient7a,7857,8439,7903.506118870149,8433.43800811379,34.35600140920386,GAAGCTTGCTGACCGC-1
323,0.0052059,0.0045924,-7.78426e-09,3.17429e-06,7.57784e-05,5102.43,-8.59714e-08,5.43779e-12,,0,0,2.54744e-11,grid01,Patient7a,7976,8509,7979.495676619097,8447.736547428935,45.01071130660598,CTAATTCGCACGCGCT-1
324,0.0052259,0.0045924,-7.27364e-09,-3.97665e-06,7.11485e-05,1024.42,-2.82572e-08,5.99711e-12,,0,0,9.53146e-12,grid01,Patient7a,7976,8509,8004.825529202079,8452.502727200648,46.52384981949754,CTAATTCGCACGCGCT-1
326,0.0052659,0.0045924,-6.28189e-09,-1.85748e-05,7.37206e-05,607.175,-1.36552e-08,-1.35871e-13,,0,0,1.29885e-11,grid01,Patient7a,8097,8441,8055.485234368045,8462.03508674408,34.137588802717055,TTATGACAAACTGGAT-1
327,0.0052859,0.0045924,-1.32353e-09,-8.89306e-05,7.02377e-05,85.2961,2.43644e-07,-4.13714e-11,,0,0,9.28159e-12,grid01,Patient7a,8097,8441,8080.815086951027,8466.801266515793,22.34098017254339,TTATGACAAACTGGAT-1
329,0.0053259,0.0045924,-7.56525e-09,-3.65486e-06,7.1842e-05,511.998,3.01129e-08,2.48285e-12,,0,0,8.03574e-12,grid01,Patient7a,8097,8441,8131.474792116992,8476.333626059222,36.21047559602281,TTATGACAAACTGGAT-1
330,0.0053459,0.0045924,-7.77244e-09,-1.30461e-06,7.16324e-05,458.398,-2.11352e-08,-1.23835e-13,,0,0,1.06626e-11,grid01,Patient7a,8217,8511,8156.804644699975,8481.099805830938,49.301230830808784,TCAGTACTGACCCGCG-1
331,0.0053659,0.0045924,-7.43459e-10,-6.21384e-06,7.25675e-05,208.179,5.48951e-08,1.5598e-12,,0,0,7.48288e-12,grid01,Patient7a,8217,8511,8182.134497282957,8485.865985602653,31.526797822513778,TCAGTACTGACCCGCG-1
333,0.0054059,0.0045924,-2.82401e-10,-1.41794e-05,7.26331e-05,1528.37,8.28617e-09,-1.08658e-12,,0,0,1.091e-11,grid01,Patient7a,8217,8511,8232.794202448922,8495.398345146083,16.284486978920583,TCAGTACTGACCCGCG-1
334,0.0054259,0.0045924,3.35908e-10,-2.36324e-05,7.19658e-05,630.804,-7.48684e-08,2.56676e-12,,0,0,1.41353e-11,grid01,Patient7a,8217,8511,8258.124055031905,8500.164524917796,31.194589785452553,TCAGTACTGACCCGCG-1
335,0.0054459,0.0045924,7.96551e-09,-0.000135325,6.87366e-05,253.164,5.95734e-09,2.94818e-12,,0,0,1.76976e-11,grid01,Patient7a,8217,8511,8283.453907614887,8504.930704689512,48.947765829173235,TCAGTACTGACCCGCG-1
337,0.0054859,0.0045924,6.42062e-11,-2.19641e-05,7.41268e-05,143.119,7.12798e-08,-2.42518e-12,,0,0,1.03356e-11,grid01,Patient7a,8337,8581,8334.113612780853,8514.463064232941,48.851692513742464,AGTATAATACTAGGCA-1
338,0.0055059,0.0045924,7.53537e-10,-2.95366e-05,7.73823e-05,555.842,1.91741e-08,7.98079e-14,,0,0,9.24417e-12,grid01,Patient7a,8337,8581,8359.443465363835,8519.229244004657,48.20776878134419,AGTATAATACTAGGCA-1
340,0.0055259,0.0046124,-2.26743e-09,7.79442e-06,8.04954e-05,295.705,1.48622e-08,4.21948e-12,,0,0,9.7312e-12,grid01,Patient7a,8337,8581,8378.914170972062,8548.576740897146,38.8697886329082,AGTATAATACTAGGCA-1
341,0.0055059,0.0046124,-1.72601e-08,0.000195861,8.00367e-05,1450.45,1.18486e-08,3.19627e-11,,0,0,7.15596e-11,grid01,Patient7a,8337,8581,8353.58431838908,8543.81056112543,29.868481001348083,AGTATAATACTAGGCA-1
342,0.0054859,0.0046124,-2.3179e-09,7.8313e-06,8.07701e-05,674.462,9.61429e-09,1.05225e-12,,0,0,9.17519e-12,grid01,Patient7a,8337,8581,8328.254465806098,8539.044381353717,31.436527771968965,AGTATAATACTAGGCA-1
343,0.0054659,0.0046124,1.03935e-08,-0.000164141,7.22056e-05,172.463,1.01198e-07,-4.41835e-12,,0,0,1.30886e-11,grid01,Patient7a,8337,8581,8302.924613223115,8534.278201582001,42.41754155366329,AGTATAATACTAGGCA-1
344,0.0054459,0.0046124,1.84933e-09,-4.68153e-05,7.52652e-05,236.259,3.33097e-08,-2.62392e-12,,0,0,1.07221e-11,grid01,Patient7a,8217,8511,8277.594760640131,8529.512021810286,46.475060886762776,TCAGTACTGACCCGCG-1
345,0.0054259,0.0046124,9.11842e-10,-3.68551e-05,7.15259e-05,636.968,-1.8723e-09,-1.67294e-12,,0,0,1.18899e-11,grid01,Patient7a,8217,8511,8252.26490805715,8524.745842038572,27.76292792721412,TCAGTACTGACCCGCG-1
346,0.0054059,0.0046124,1.43199e-09,-4.36949e-05,7.37609e-05,32.3174,1.87501e-07,-5.57441e-13,,0,0,7.00284e-12,grid01,Patient7a,8217,8511,8226.935055474167,8519.979662266856,9.823058679655766,TCAGTACTGACCCGCG-1
347,0.0053859,0.0046124,-2.48349e-09,7.51647e-06,7.39705e-05,188.374,3.73659e-08,1.73408e-12,,0,0,8.68908e-12,grid01,Patient7a,8217,8511,8201.605202891185,8515.213482495143,11.707614130354012,TCAGTACTGACCCGCG-1
348,0.0053659,0.0046124,-2.12778e-09,2.14358e-06,7.35861e-05,388.396,2.87444e-08,1.9671e-13,,0,0,8.07101e-12,grid01,Patient7a,8217,8511,8176.275350308202,8510.447302723427,29.874862468228766,TCAGTACTGACCCGCG-1
350,0.0053259,0.0046124,-2.32453e-09,3.45691e-06,7.37285e-05,402.949,8.59619e-09,2.95915e-12,,0,0,9.04083e-12,grid01,Patient7a,8097,8441,8125.615645142237,8500.914943179998,48.70366574811658,TTATGACAAACTGGAT-1
351,0.0053059,0.0046124,-2.58611e-09,6.55123e-06,7.18923e-05,172.352,7.94046e-09,6.96192e-12,,0,0,9.64895e-12,grid01,Patient7a,8097,8441,8100.285792559254,8496.148763408282,40.52414092621718,TTATGACAAACTGGAT-1
352,0.0052859,0.0046124,1.36255e-09,-4.93223e-05,6.99056e-05,200.214,5.27876e-08,1.76715e-13,,0,0,1.19587e-11,grid01,Patient7a,8097,8441,8074.955939976272,8491.382583636569,40.33891880530087,TTATGACAAACTGGAT-1
353,0.0052659,0.0046124,-1.60047e-09,-8.28635e-06,7.28202e-05,70.0184,1.97624e-07,-1.95916e-12,,0,0,8.74496e-12,grid01,Patient7a,8097,8441,8049.62608739329,8486.616403864853,48.240171797188864,TTATGACAAACTGGAT-1
354,0.0052459,0.0046124,-2.79658e-09,7.53892e-06,7.52917e-05,124.909,6.73579e-08,-1.85658e-12,,0,0,9.29277e-12,grid01,Patient7a,7976,8509,8024.2962348103065,8481.850224093138,40.63984562134288,CTAATTCGCACGCGCT-1
355,0.0052259,0.0046124,-1.86639e-09,-5.3497e-06,7.45537e-05,587.19,2.22055e-09,1.38173e-12,,0,0,9.15369e-12,grid01,Patient7a,7976,8509,7998.966382227324,8477.084044321424,28.841972553994598,CTAATTCGCACGCGCT-1
356,0.0052059,0.0046124,-1.34234e-09,-1.35615e-05,6.90703e-05,2746.68,-6.76544e-08,5.44915e-12,,0,0,2.08945e-11,grid01,Patient7a,7976,8509,7973.636529644342,8472.317864549708,26.96266198937392,CTAATTCGCACGCGCT-1
357,0.0051859,0.0046124,-8.75109e-10,-2.022e-05,6.97233e-05,54.6125,1.83495e-07,-6.843e-12,,0,0,1.02711e-11,grid01,Patient7a,7976,8509,7948.306677061359,8467.551684777993,36.56465963700619,CTAATTCGCACGCGCT-1
359,0.0051459,0.0046124,7.2838e-10,-4.43915e-05,7.05358e-05,331.702,-1.13376e-09,-2.80918e-12,,0,0,1.27459e-11,grid01,Patient7a,7857,8439,7897.646971895394,8458.019325234563,32.91764129613748,GAAGCTTGCTGACCGC-1
360,0.0051459,0.0046324,-3.36827e-09,1.17812e-05,7.30031e-05,2163.05,-2.65419e-08,3.10118e-12,,0,0,2.6961e-11,grid01,Patient7a,7857,8439,7891.78782492064,8482.600642355339,40.914113246510645,GAAGCTTGCTGACCGC-1
361,0.0051659,0.0046324,6.33178e-10,-4.54246e-05,6.9892e-05,14850.9,-1.29159e-07,1.48256e-11,,0,0,5.07595e-11,grid01,Patient7a,7976,8509,7917.117677503622,8487.366822127053,46.013755638440244,CTAATTCGCACGCGCT-1
362,0.0051859,0.0046324,-1.69103e-09,-1.26669e-05,7.11952e-05,3637.22,-1.33979e-07,2.98141e-12,,0,0,2.73938e-11,grid01,Patient7a,7976,8509,7942.447530086604,8492.133001898768,27.546013370721564,CTAATTCGCACGCGCT-1
363,0.0052059,0.0046324,-2.59577e-09,-7.23967e-07,7.35397e-05,4309.02,-6.83726e-08,3.52014e-12,,0,0,2.15936e-11,grid01,Patient7a,7976,8509,7967.777382669587,8496.899181670484,10.731422522426953,CTAATTCGCACGCGCT-1
364,0.0052259,0.0046324,-2.68001e-09,-1.82461e-07,7.47053e-05,409.451,2.82574e-08,3.89303e-13,,0,0,7.74769e-12,grid01,Patient7a,7976,8509,7993.10723525257,8501.665361442198,13.653110933364852,CTAATTCGCACGCGCT-1
365,0.0052459,0.0046324,3.56302e-09,-8.5145e-05,7.26961e-05,44.866,2.06179e-07,-5.59073e-12,,0,0,9.68826e-12,grid01,Patient7a,7976,8509,8018.437087835552,8506.431541213913,31.185170819344044,CTAATTCGCACGCGCT-1
366,0.0052659,0.0046324,-2.55843e-09,-3.18424e-06,7.20024e-05,922.138,-5.30432e-08,3.65412e-12,,0,0,1.11529e-11,grid01,Patient7a,7976,8509,8043.766940418534,8511.197720985627,49.73415076155986,CTAATTCGCACGCGCT-1
368,0.0053059,0.0046324,-2.54784e-09,-4.29471e-06,7.32024e-05,699.403,-3.73725e-08,3.48564e-12,,0,0,1.16788e-11,grid01,Patient7a,8096,8579,8094.4266455845,8520.730080529058,42.75739513271381,TTGATTATGCAGATGA-1
369,0.0053259,0.0046324,1.03504e-08,-0.000179501,7.30281e-05,1321.68,-4.41205e-08,7.03163e-12,,0,0,1.94232e-11,grid01,Patient7a,8096,8579,8119.756498167482,8525.496260300772,42.94048757420399,TTGATTATGCAGATGA-1
371,0.0053659,0.0046324,-2.00693e-09,-1.18583e-05,8.06456e-05,150.498,6.07722e-08,-2.904e-12,,0,0,7.89322e-12,grid01,Patient7a,8217,8511,8170.416203333447,8535.0286198442,38.4477972402133,TCAGTACTGACCCGCG-1
372,0.0053859,0.0046324,8.29123e-09,-0.000145922,7.67001e-05,216.601,2.84557e-08,-1.45696e-12,,0,0,8.88889e-12,grid01,Patient7a,8217,8511,8195.74605591643,8539.794799615916,26.25192761124321,TCAGTACTGACCCGCG-1
373,0.0054059,0.0046324,-1.89142e-09,-1.59092e-05,7.37401e-05,799.756,4.27587e-09,7.72335e-13,,0,0,1.09522e-11,grid01,Patient7a,8217,8511,8221.075908499413,8544.560979387632,24.798341195660765,TCAGTACTGACCCGCG-1
374,0.0054259,0.0046324,3.11846e-10,-4.24692e-05,7.87867e-05,126.403,9.61892e-08,-2.30069e-12,,0,0,9.04372e-12,grid01,Patient7a,8217,8511,8246.405761082395,8549.327159159346,35.43466072753874,TCAGTACTGACCCGCG-1
376,0.0054659,0.0046324,-1.79685e-09,-1.66691e-05,8.06834e-05,2049.96,-3.62777e-08,1.54696e-12,,0,0,1.39337e-11,grid01,Patient7a,8337,8581,8297.06546624836,8558.859518702775,33.49332407183171,AGTATAATACTAGGCA-1
377,0.0054859,0.0046324,-3.51341e-09,4.10332e-06,7.9826e-05,371.514,3.78492e-08,-1.00688e-13,,0,0,9.07359e-12,grid01,Patient7a,8337,8581,8322.395318831343,8563.62569847449,16.64872288896314,AGTATAATACTAGGCA-1
378,0.0055059,0.0046324,3.76265e-09,-9.01905e-05,7.65472e-05,67.7473,1.23551e-07,-2.3511e-12,,0,0,1.16802e-11,grid01,Patient7a,8337,8581,8347.725171414326,8568.391878246206,12.141689435794344,AGTATAATACTAGGCA-1
379,0.0055259,0.0046324,-3.74861e-09,6.73794e-06,7.84414e-05,754.779,-2.05554e-08,2.21264e-12,,0,0,1.3432e-11,grid01,Patient7a,8337,8581,8373.055023997307,8573.15805801792,27.06519356934421,AGTATAATACTAGGCA-1
380,0.0055259,0.0046524,-3.12494e-09,-1.94903e-06,7.94731e-05,474.702,2.8625e-09,3.46245e-13,,0,0,8.93973e-12,grid01,Patient7a,8337,8581,8367.195877022552,8597.739375138695,25.32481423624388,AGTATAATACTAGGCA-1
381,0.0055059,0.0046524,-3.04629e-09,-3.23333e-06,7.73565e-05,630.139,-8.37148e-09,4.30642e-12,,0,0,1.10354e-11,grid01,Patient7a,8337,8581,8341.86602443957,8592.97319536698,9.480103689187898,AGTATAATACTAGGCA-1
382,0.0054859,0.0046524,-6.5197e-10,-3.45402e-05,7.54321e-05,390.899,-1.69071e-08,4.36867e-13,,0,0,1.0986e-11,grid01,Patient7a,8337,8581,8316.536171856587,8588.207015595264,15.914205851510141,AGTATAATACTAGGCA-1
383,0.0054659,0.0046524,1.63749e-09,-6.15868e-05,7.81775e-05,216.172,4.82958e-08,-3.78573e-12,,0,0,2.25542e-11,grid01,Patient7a,8337,8581,8291.206319273604,8583.44083582355,33.63799877935341,AGTATAATACTAGGCA-1
385,0.0054259,0.0046524,-1.82285e-09,-1.95999e-05,7.93424e-05,420.207,-2.66161e-08,2.42131e-12,,0,0,1.20496e-11,grid01,Patient7a,8217,8511,8240.54661410764,8573.908476280121,49.270756775546246,TCAGTACTGACCCGCG-1
387,0.0053859,0.0046524,-1.41136e-09,-2.63603e-05,7.79588e-05,53.8143,1.5282e-07,-4.32407e-12,,0,0,8.80373e-12,grid01,Patient7a,8217,8511,8189.886908941675,8564.37611673669,43.91373881328813,TCAGTACTGACCCGCG-1
389,0.0053459,0.0046524,-2.59773e-09,-1.12866e-05,8.30421e-05,189.727,4.26508e-08,-8.57734e-13,,0,0,8.38151e-12,grid01,Patient7a,8096,8579,8139.227203775709,8554.84375719326,36.32277338020546,TTGATTATGCAGATGA-1
390,0.0053259,0.0046524,1.48711e-08,-0.000234922,7.78552e-05,124.966,2.73394e-08,1.33755e-11,,0,0,2.2701e-11,grid01,Patient7a,8096,8579,8113.897351192727,8550.077577421547,24.948347236515357,TTGATTATGCAGATGA-1
392,0.0052859,0.0046524,-2.90918e-09,-1.1084e-05,7.15017e-05,1586.41,-8.59147e-08,7.34925e-12,,0,0,1.52274e-11,grid01,Patient7a,8096,8579,8063.2376460267615,8540.545217878116,37.05620938046467,TTGATTATGCAGATGA-1
393,0.0052659,0.0046524,-2.05498e-09,-2.38839e-05,7.03697e-05,131.237,6.38645e-08,-9.13529e-13,,0,0,1.04432e-11,grid01,Patient7a,7976,8509,8037.907793443779,8535.779038106402,49.476566443170164,CTAATTCGCACGCGCT-1
394,0.0052459,0.0046524,-6.34843e-11,-5.22712e-05,7.00432e-05,211.325,6.49615e-08,-3.87276e-12,,0,0,1.08174e-11,grid01,Patient7a,7976,8509,8012.577940860797,8531.012858334687,31.314373449133615,CTAATTCGCACGCGCT-1
395,0.0052259,0.0046524,-2.30119e-09,-2.06424e-05,7.30398e-05,219.469,-5.88023e-09,-1.60928e-12,,0,0,1.15092e-11,grid01,Patient7a,7976,8509,7987.2480882778145,8526.246678562973,15.103402732073738,CTAATTCGCACGCGCT-1
396,0.0052059,0.0046524,-1.94831e-09,-2.70832e-05,7.16383e-05,55.3139,1.69908e-07,-6.23748e-12,,0,0,7.78485e-12,grid01,Patient7a,7976,8509,7961.918235694831,8521.480498791258,13.80213736098844,CTAATTCGCACGCGCT-1
397,0.0051859,0.0046524,-3.9478e-09,-6.96192e-07,7.19638e-05,56.3493,1.39827e-07,-9.54497e-14,,0,0,7.63233e-12,grid01,Patient7a,7976,8509,7936.588383111849,8516.714319019542,29.457573719588417,CTAATTCGCACGCGCT-1
398,0.0051659,0.0046524,-3.85224e-09,-2.29655e-06,7.57935e-05,291.488,1.23467e-08,1.17468e-12,,0,0,8.37158e-12,grid01,Patient7a,7976,8509,7911.258530528867,8511.948139247828,47.53800306310086,CTAATTCGCACGCGCT-1
0,0.0057644,0.003699,-2.09324e-09,-1.44463e-06,6.92618e-05,634.111,-5.09163e-08,3.77282e-12,,0,0,1.15563e-11,grid02,Patient7a,9067,7480,9014.059725226138,7477.190553033415,38.88708909208751,ATTAGATTGATAGCGG-1
2,0.0058044,0.003699,-2.13422e-09,-2.79089e-06,7.13433e-05,1545.93,-9.55332e-09,1.30386e-12,,0,0,1.07588e-11,grid02,Patient7a,9067,7480,9065.141076494343,7486.814558930875,5.18121840791635,ATTAGATTGATAGCGG-1
3,0.0058244,0.003699,-2.90789e-09,7.08708e-06,6.72254e-05,151.958,3.56727e-08,4.35327e-12,,0,0,9.85839e-12,grid02,Patient7a,9067,7480,9090.681752128447,7491.626561879605,19.3514677482675,ATTAGATTGATAGCGG-1
4,0.0058444,0.003699,-3.26517e-09,1.09946e-05,6.76456e-05,550.205,-4.21175e-08,1.05895e-11,,0,0,9.39668e-12,grid02,Patient7a,9067,7480,9116.22242776255,7496.438564828335,38.065601203758604,ATTAGATTGATAGCGG-1
5,0.0058644,0.003699,-1.6346e-09,-1.38333e-05,6.62929e-05,223.708,-6.28516e-09,3.91493e-13,,0,0,1.13292e-11,grid02,Patient7a,9187,7550,9141.763103396652,7501.250567777065,48.78219498155902,GCGGGAACCAGGCCCT-1
6,0.0058844,0.003699,-2.24414e-10,-3.38767e-05,6.92632e-05,72.477,1.46854e-07,-2.67689e-12,,0,0,9.97151e-12,grid02,Patient7a,9187,7550,9167.303779030755,7506.062570725795,35.3188361944304,GCGGGAACCAGGCCCT-1
7,0.0059044,0.003699,-2.94175e-09,3.90814e-06,6.9837e-05,327.185,5.1169e-08,1.77599e-12,,0,0,1.0003e-11,grid02,Patient7a,9187,7550,9192.844454664857,7510.874573674525,29.01748169998225,GCGGGAACCAGGCCCT-1
8,0.0059244,0.003699,6.12996e-09,-0.000128097,6.82915e-05,483.691,-2.08701e-08,4.5158e-12,,0,0,1.88558e-11,grid02,Patient7a,9187,7550,9218.38513029896,7515.686576623255,34.109891665882046,GCGGGAACCAGGCCCT-1
9,0.0059444,0.003699,1.47427e-09,-5.8368e-05,7.19114e-05,350.24,5.35833e-09,-6.79795e-13,,0,0,1.25419e-11,grid02,Patient7a,9187,7550,9243.925805933064,7520.498579571985,47.03011360689297,GCGGGAACCAGGCCCT-1
10,0.0059444,0.003719,-1.78776e-09,-1.36506e-05,6.7689e-05,291.362,8.46969e-09,-2.24473e-12,,0,0,1.02661e-11,grid02,Patient7a,9187,7550,9237.946757011547,7545.161756651099,37.53830944162383,GCGGGAACCAGGCCCT-1
11,0.0059244,0.003719,1.24995e-09,-5.77271e-05,6.98448e-05,255.71,-8.43231e-09,1.63096e-12,,0,0,1.06351e-11,grid02,Patient7a,9187,7550,9212.406081377443,7540.349753702369,19.93481028653768,GCGGGAACCAGGCCCT-1
12,0.0059044,0.003719,-2.832e-09,-9.12029e-07,7.39125e-05,636.325,2.27676e-08,-1.15732e-13,,0,0,8.73994e-12,grid02,Patient7a,9187,7550,9186.86540574334,7535.537750753639,10.608725548106024,GCGGGAACCAGGCCCT-1
13,0.0058844,0.003719,-2.71768e-09,-3.01965e-06,7.02295e-05,368.884,-5.51083e-08,2.50752e-11,,0,0,1.22705e-11,grid02,Patient7a,9187,7550,9161.324730109238,7530.725747804909,23.54930711336156,GCGGGAACCAGGCCCT-1
14,0.0058644,0.003719,1.42384e-09,-6.49675e-05,6.59076e-05,381.902,6.08758e-09,-5.60248e-13,,0,0,1.48755e-11,grid02,Patient7a,9187,7550,9135.784054475134,7525.913744856179,41.51470925411198,GCGGGAACCAGGCCCT-1
15,0.0058444,0.003719,-2.53841e-09,-8.00867e-06,6.55431e-05,76.6072,1.39748e-07,-6.84951e-12,,0,0,1.0279e-11,grid02,Patient7a,9067,7480,9110.24337884103,7521.101741907449,43.76162960904907,ATTAGATTGATAGCGG-1
16,0.0058244,0.003719,-3.4414e-09,4.22452e-06,6.90144e-05,1132.38,1.47762e-08,1.22429e-12,,0,0,8.94511e-12,grid02,Patient7a,9067,7480,9084.702703206929,7516.289738958719,29.617366474629833,ATTAGATTGATAGCGG-1
17,0.0058044,0.003719,-8.21041e-10,-3.18989e-05,7.13242e-05,471.342,1.89276e-08,-7.97445e-13,,0,0,1.39774e-11,grid02,Patient7a,9067,7480,9059.162027572826,7511.477736009989,23.794389652080067,ATTAGATTGATAGCGG-1
18,0.0057844,0.003719,1.50749e-09,-6.22642e-05,7.46333e-05,1386.65,-1.8111e-08,-4.35812e-12,,0,0,1.68025e-11,grid02,Patient7a,9067,7480,9033.621351938722,7506.66573306126,31.33742127404828,ATTAGATTGATAGCGG-1
19,0.0057644,0.003719,8.33044e-10,-5.71159e-05,6.9491e-05,677.708,1.13458e-08,-4.39478e-12,,0,0,1.36227e-11,grid02,Patient7a,9067,7480,9008.08067630462,7501.853730112529,46.09524244939829,ATTAGATTGATAGCGG-1
21,0.0057844,0.003739,-3.57223e-09,3.66911e-06,7.38646e-05,472.846,-1.28749e-08,7.13632e-13,,0,0,8.48539e-12,grid02,Patient7a,9067,7480,9027.642303017206,7531.328910140373,47.444740031272886,ATTAGATTGATAGCGG-1
22,0.0058044,0.003739,1.24016e-08,-0.000224416,6.94319e-05,466.952,3.86517e-08,4.52373e-12,,0,0,1.7524e-11,grid02,Patient7a,9067,7480,9053.182978651308,7536.140913089103,42.40900260084908,ATTAGATTGATAGCGG-1
23,0.0058244,0.003739,-3.50166e-09,1.46759e-06,7.00612e-05,587.755,4.24445e-08,3.6974e-13,,0,0,8.60816e-12,grid02,Patient7a,9067,7480,9078.723654285412,7540.952916037833,45.52933183928957,ATTAGATTGATAGCGG-1
25,0.0058644,0.003739,-2.6448e-09,-1.16091e-05,6.95614e-05,108.028,9.74301e-08,5.69307e-14,,0,0,8.4197e-12,grid02,Patient7a,9187,7550,9129.805005553617,7550.576921935293,41.95547866068661,GCGGGAACCAGGCCCT-1
28,0.0059244,0.003739,-8.92393e-10,-3.85177e-05,6.72248e-05,287.148,2.12473e-08,-3.65529e-12,,0,0,1.36477e-11,grid02,Patient7a,9187,7550,9206.427032455926,7565.012930781482,18.00919711762737,GCGGGAACCAGGCCCT-1
29,0.0059444,0.003739,-2.85826e-09,-9.67343e-06,7.23134e-05,569.014,1.07469e-08,-1.54604e-12,,0,0,7.83954e-12,grid02,Patient7a,9187,7550,9231.96770809003,7569.824933730213,36.04775074192896,GCGGGAACCAGGCCCT-1
30,0.0059444,0.003759,-4.18539e-09,8.5703e-06,6.89456e-05,41.5499,2.74844e-07,-9.75231e-12,,0,0,9.63335e-12,grid02,Patient7a,9187,7550,9225.988659168512,7594.488110809327,43.39099629334005,GCGGGAACCAGGCCCT-1
31,0.0059244,0.003759,-3.88483e-09,2.92097e-06,7.14321e-05,271.479,6.40322e-08,-4.32423e-13,,0,0,7.28063e-12,grid02,Patient7a,9187,7550,9200.447983534408,7589.676107860597,30.72927380271419,GCGGGAACCAGGCCCT-1
34,0.0058644,0.003759,-2.51554e-09,-1.64326e-05,7.14333e-05,169.867,6.9926e-08,-1.82184e-13,,0,0,1.07614e-11,grid02,Patient7a,9187,7550,9123.8259566321,7575.240099014407,49.900659943536844,GCGGGAACCAGGCCCT-1
35,0.0058444,0.003759,-4.0119e-09,3.26745e-06,7.01507e-05,1076.51,-2.81327e-08,2.98e-12,,0,0,1.10811e-11,grid02,Patient7a,9066,7618,9098.285280997996,7570.428096065677,42.17181048310584,AAGTAGAAGACCGGGT-1
36,0.0058244,0.003759,-3.61079e-09,-2.85855e-06,6.89235e-05,48.6284,1.53849e-07,5.98611e-13,,0,0,6.74356e-12,grid02,Patient7a,9066,7618,9072.744605363894,7565.616093116947,38.741522461539724,AAGTAGAAGACCGGGT-1
37,0.0058044,0.003759,-4.03714e-09,2.55422e-06,6.98246e-05,984.102,-1.60243e-08,-2.15562e-12,,0,0,9.66604e-12,grid02,Patient7a,9066,7618,9047.20392972979,7560.804090168217,44.1613624905591,AAGTAGAAGACCGGGT-1
39,0.0057644,0.003759,-1.00782e-09,-4.18688e-05,6.85332e-05,369.486,3.66838e-08,1.59037e-13,,0,0,9.23192e-12,grid02,Patient7a,8946,7548,8996.122578461585,7551.180084270757,36.83955048985804,TTCAACGACCCGACCG-1
40,0.0057644,0.003779,-2.87261e-09,-1.49867e-05,6.99317e-05,581.454,-1.66589e-09,1.78894e-12,,0,0,1.64632e-11,grid02,Patient7a,8946,7548,8990.143529540068,7575.843261349871,38.28282849771286,TTCAACGACCCGACCG-1
41,0.0057844,0.003779,-3.93636e-09,-7.85624e-07,6.99374e-05,156.734,5.94637e-08,-2.19267e-12,,0,0,7.61398e-12,grid02,Patient7a,9066,7618,9015.684205174171,7580.655264298601,45.96219649087376,AAGTAGAAGACCGGGT-1
42,0.0058044,0.003779,-4.30668e-09,3.63747e-06,6.57936e-05,419.072,-1.85554e-08,2.34343e-12,,0,0,1.04565e-11,grid02,Patient7a,9066,7618,9041.224880808273,7585.467267247331,29.995130585936362,AAGTAGAAGACCGGGT-1
43,0.0058244,0.003779,-4.3139e-09,3.13419e-06,7.09816e-05,1114.74,-2.58431e-08,1.44604e-12,,0,0,1.37904e-11,grid02,Patient7a,9066,7618,9066.765556442377,7590.279270196061,20.341303366269532,AAGTAGAAGACCGGGT-1
44,0.0058444,0.003779,-3.48911e-09,-8.25777e-06,7.36918e-05,277.488,5.35453e-08,-1.00794e-11,,0,0,8.2629e-12,grid02,Patient7a,9066,7618,9092.30623207648,7595.091273144791,25.58721941867632,AAGTAGAAGACCGGGT-1
45,0.0058644,0.003779,-9.58424e-10,-4.15001e-05,7.53139e-05,201.911,4.10405e-08,-2.589e-12,,0,0,8.61069e-12,grid02,Patient7a,9066,7618,9117.846907710582,7599.903276093521,40.28050873176639,AAGTAGAAGACCGGGT-1
47,0.0059044,0.003779,-3.9113e-09,-3.14398e-06,7.76331e-05,204.9,7.14634e-08,-1.09297e-11,,0,0,7.82479e-12,grid02,Patient7a,9187,7550,9168.928258978789,7609.527281990981,45.63192858240138,GCGGGAACCAGGCCCT-1
48,0.0059244,0.003779,-4.24169e-09,5.01725e-07,6.95952e-05,318.081,7.28571e-10,5.78298e-12,,0,0,8.16157e-12,grid02,Patient7a,9187,7550,9194.46893461289,7614.3392849397105,47.510713781441446,GCGGGAACCAGGCCCT-1
50,0.0059444,0.003799,-3.83773e-09,-6.611e-06,6.81281e-05,162.733,2.79825e-08,2.36636e-12,,0,0,9.56858e-12,grid02,Patient7a,9186,7688,9214.030561325477,7643.814464967554,38.38231329049759,CAACTCCTTGATCCCG-1
51,0.0059244,0.003799,-2.96333e-09,-1.99221e-05,6.91904e-05,1847.89,-1.27952e-08,1.18873e-12,,0,0,1.05262e-11,grid02,Patient7a,9186,7688,9188.489885691373,7639.002462018824,35.986768054460306,CAACTCCTTGATCCCG-1
52,0.0059044,0.003799,-4.17041e-09,-2.82177e-06,7.64132e-05,175.841,5.21762e-08,4.23452e-13,,0,0,8.51052e-12,grid02,Patient7a,9186,7688,9162.949210057272,7634.190459070094,42.93913585123415,CAACTCCTTGATCCCG-1
54,0.0058644,0.003799,-3.65099e-09,-1.04737e-05,7.23446e-05,93.4124,1.017e-07,-3.16995e-13,,0,0,8.49636e-12,grid02,Patient7a,9066,7618,9111.867858789064,7624.566453172634,33.98775202865622,AAGTAGAAGACCGGGT-1
55,0.0058444,0.003799,-4.65973e-09,2.57323e-06,7.50384e-05,373.422,2.47122e-08,3.65449e-14,,0,0,6.61611e-12,grid02,Patient7a,9066,7618,9086.327183154963,7619.754450223904,14.965712936415176,AAGTAGAAGACCGGGT-1
56,0.0058244,0.003799,-1.95675e-09,-3.60904e-05,6.81778e-05,728.222,3.93013e-08,1.4361e-13,,0,0,1.29906e-11,grid02,Patient7a,9066,7618,9060.78650752086,7614.942447275174,4.43331147095483,AAGTAGAAGACCGGGT-1
57,0.0058044,0.003799,-4.41619e-09,-2.03582e-06,6.38027e-05,1734.44,-4.16166e-08,2.85156e-12,,0,0,1.61799e-11,grid02,Patient7a,9066,7618,9035.245831886756,7610.130444326445,23.285453585263316,AAGTAGAAGACCGGGT-1
58,0.0057844,0.003799,-1.7463e-09,-4.30931e-05,6.45912e-05,113.523,1.18977e-07,-8.89001e-12,,0,0,1.10691e-11,grid02,Patient7a,9066,7618,9009.705156252654,7605.318441377714,42.32784967269133,AAGTAGAAGACCGGGT-1
59,0.0057644,0.003799,-3.15158e-09,-2.06055e-05,7.03458e-05,599.664,-3.37182e-08,-3.967e-12,,0,0,1.17966e-11,grid02,Patient7a,8946,7548,8984.16448061855,7600.506438428985,47.61323348854932,TTCAACGACCCGACCG-1
61,0.0057844,0.003819,-4.79337e-09,7.79105e-07,6.57146e-05,220.245,2.88171e-08,9.77431e-13,,0,0,1.05155e-11,grid02,Patient7a,9066,7618,9003.726107331137,7629.981618456829,46.51658604757559,AAGTAGAAGACCGGGT-1
62,0.0058044,0.003819,-4.64635e-09,-2.03163e-06,6.5616e-05,1225.33,-3.7607e-08,7.79158e-12,,0,0,1.82866e-11,grid02,Patient7a,9066,7618,9029.266782965238,7634.793621405559,29.62666715030281,AAGTAGAAGACCGGGT-1
63,0.0058244,0.003819,-3.03125e-09,-2.47937e-05,6.88649e-05,1619.64,-7.98427e-09,-1.83343e-12,,0,0,1.31507e-11,grid02,Patient7a,9066,7618,9054.807458599342,7639.605624354289,17.848317750356266,AAGTAGAAGACCGGGT-1
64,0.0058444,0.003819,-5.04308e-09,2.47763e-06,7.34636e-05,582.12,1.80154e-09,8.78129e-13,,0,0,7.71249e-12,grid02,Patient7a,9066,7618,9080.348134233445,7644.417627303019,22.051346847078946,AAGTAGAAGACCGGGT-1
67,0.0059044,0.003819,-3.2207e-09,-2.29344e-05,7.35608e-05,41.6779,2.20031e-07,-3.12395e-12,,0,0,8.17454e-12,grid02,Patient7a,9186,7688,9156.970161135754,7658.853636149209,30.174481010214674,CAACTCCTTGATCCCG-1
68,0.0059244,0.003819,-3.89613e-09,-1.52302e-05,6.90553e-05,405.505,5.2074e-09,-1.78417e-12,,0,0,2.45642e-11,grid02,Patient7a,9186,7688,9182.510836769856,7663.665639097939,18.03215266534787,CAACTCCTTGATCCCG-1
69,0.0059444,0.003819,-2.08695e-09,-4.15463e-05,6.74023e-05,67.921,2.3735e-07,-1.99893e-11,,0,0,1.07888e-11,grid02,Patient7a,9186,7688,9208.05151240396,7668.477642046669,21.60310548107857,CAACTCCTTGATCCCG-1
70,0.0059444,0.003839,-2.30514e-09,-3.88745e-05,6.90486e-05,480.615,-1.06561e-08,3.56554e-13,,0,0,1.12081e-11,grid02,Patient7a,9186,7688,9202.072463482442,7693.140819125782,12.377759380542933,CAACTCCTTGATCCCG-1
71,0.0059244,0.003839,-5.61823e-09,8.06576e-06,6.72535e-05,1506.37,-5.39639e-08,2.68093e-12,,0,0,1.80792e-11,grid02,Patient7a,9186,7688,9176.531787848338,7688.328816177052,6.94925553182623,CAACTCCTTGATCCCG-1
72,0.0059044,0.003839,-5.2513e-09,1.78094e-06,7.31567e-05,261.425,1.29155e-08,3.3029e-12,,0,0,7.49324e-12,grid02,Patient7a,9186,7688,9150.991112214237,7683.5168132283225,25.889221478835413,CAACTCCTTGATCCCG-1
73,0.0058844,0.003839,-2.23736e-09,-4.00813e-05,7.04803e-05,451.454,-1.33845e-09,1.8859e-12,,0,0,1.57009e-11,grid02,Patient7a,9186,7688,9125.450436580133,7678.7048102795925,44.93426127448222,CAACTCCTTGATCCCG-1
74,0.0058644,0.003839,-4.69293e-09,-7.12524e-06,6.8571e-05,212.555,1.71291e-08,-2.28803e-12,,0,0,1.06786e-11,grid02,Patient7a,9066,7618,9099.90976094603,7673.8928073308625,47.953423239455205,AAGTAGAAGACCGGGT-1
75,0.0058444,0.003839,-4.77128e-09,-6.5345e-06,6.92538e-05,138.993,5.09284e-08,-2.51366e-12,,0,0,7.97845e-12,grid02,Patient7a,9066,7618,9074.369085311928,7669.080804382133,37.96806289244213,AAGTAGAAGACCGGGT-1
76,0.0058244,0.003839,-2.71009e-09,-3.53121e-05,7.15878e-05,67.1666,1.54289e-07,-5.2926e-12,,0,0,7.62056e-12,grid02,Patient7a,9066,7618,9048.828409677824,7664.268801433403,36.2007349427624,AAGTAGAAGACCGGGT-1
78,0.0057844,0.003839,-5.45471e-09,1.10968e-06,6.79805e-05,142.23,9.05826e-08,-1.12479e-14,,0,0,8.59457e-12,grid02,Patient7a,8945,7686,8997.747058409619,7654.644795535943,45.01053583773624,CCAATTGAATGTTAAT-1
79,0.0057644,0.003839,4.36968e-10,-8.70579e-05,6.61491e-05,764.466,-1.18424e-08,8.21528e-13,,0,0,1.29924e-11,grid02,Patient7a,8945,7686,8972.206382775516,7649.832792587213,33.197126061663795,CCAATTGAATGTTAAT-1
80,0.0057644,0.003859,7.92347e-09,-0.000203079,6.52755e-05,1108.96,2.01971e-08,1.53704e-11,,0,0,2.70769e-11,grid02,Patient7a,8945,7686,8966.227333853998,7674.495969666326,17.710115508491057,CCAATTGAATGTTAAT-1
81,0.0057844,0.003859,-4.92409e-09,-7.93726e-06,6.87071e-05,2534.62,-8.941e-08,1.02134e-11,,0,0,2.4995e-11,grid02,Patient7a,8945,7686,8991.768009488102,7679.307972615056,34.65441511735616,CCAATTGAATGTTAAT-1
84,0.0058444,0.003859,7.3565e-10,-9.71496e-05,6.38436e-05,2431.1,-7.71139e-08,3.43999e-12,,0,0,2.68495e-11,grid02,Patient7a,9065,7756,9068.39003639041,7693.743981461246,45.733330376302334,CATAGTAGCATAGTAG-1
85,0.0058644,0.003859,-1.34282e-09,-6.37403e-05,6.61775e-05,453.866,3.148e-08,-3.00538e-12,,0,0,1.02285e-11,grid02,Patient7a,9065,7756,9093.930712024514,7698.555984409976,47.17814724391017,CATAGTAGCATAGTAG-1
87,0.0059044,0.003859,-5.71555e-09,-8.21147e-07,6.93189e-05,127.475,5.48447e-08,-1.84436e-12,,0,0,8.69483e-12,grid02,Patient7a,9186,7688,9145.01206329272,7708.179990307436,33.51159264021706,CAACTCCTTGATCCCG-1
88,0.0059244,0.003859,-2.67335e-09,-4.46536e-05,6.86611e-05,48.4956,2.32433e-07,-8.06076e-12,,0,0,8.94146e-12,grid02,Patient7a,9186,7688,9170.55273892682,7712.991993256166,21.551063618905054,CAACTCCTTGATCCCG-1
89,0.0059444,0.003859,-3.02946e-09,-3.83749e-05,7.16568e-05,113.543,9.00294e-08,-2.48576e-12,,0,0,1.02968e-11,grid02,Patient7a,9186,7688,9196.093414560924,7717.803996204896,23.081296672801997,CAACTCCTTGATCCCG-1
90,0.0059444,0.003879,-2.28629e-09,-4.74549e-05,7.50589e-05,3160.63,-5.22957e-08,5.12867e-12,,0,0,2.27223e-11,grid02,Patient7a,9186,7688,9190.114365639407,7742.46717328401,40.06627201116237,CAACTCCTTGATCCCG-1
92,0.0059044,0.003879,-4.18119e-09,-2.51591e-05,6.87934e-05,241.747,3.27505e-08,-9.58568e-12,,0,0,9.63589e-12,grid02,Patient7a,9186,7688,9139.033014371202,7732.84316738655,47.63217884735884,CAACTCCTTGATCCCG-1
94,0.0058644,0.003879,-5.26135e-09,-1.04481e-05,6.54707e-05,2682.15,-8.25515e-08,4.44339e-12,,0,0,1.82696e-11,grid02,Patient7a,9065,7756,9087.951663102995,7723.219161489091,29.353058047145577,CATAGTAGCATAGTAG-1
95,0.0058444,0.003879,-1.42372e-10,-9.19381e-05,6.32733e-05,3445.79,-6.48628e-08,5.59401e-12,,0,0,1.86525e-11,grid02,Patient7a,9065,7756,9062.410987468893,7718.40715854036,27.640202757999393,CATAGTAGCATAGTAG-1
96,0.0058244,0.003879,-5.06754e-09,-1.46619e-05,6.52122e-05,20.8264,2.98282e-07,-9.38709e-13,,0,0,7.87985e-12,grid02,Patient7a,9065,7756,9036.87031183479,7713.595155591631,37.326076829169494,CATAGTAGCATAGTAG-1
98,0.0057844,0.003879,-5.81643e-09,-5.93482e-06,6.58496e-05,340.317,8.46328e-09,-4.88496e-12,,0,0,1.22392e-11,grid02,Patient7a,8945,7686,8985.788960566584,7703.971149694171,32.69451339003589,CCAATTGAATGTTAAT-1
99,0.0057644,0.003879,-5.63772e-09,-9.52393e-06,6.5641e-05,1369.52,-4.22694e-08,2.99673e-12,,0,0,1.75128e-11,grid02,Patient7a,8945,7686,8960.24828493248,7699.159146745441,14.77395586339275,CCAATTGAATGTTAAT-1
