Position_Index,X_Position,Y_Position,Baseline_Offset_[N],Baseline_Slope_[N/m],Contact_Point_Offset_[m],Young's_modulus_[Pa],Contact_Point_[m],Baseline_[N],Discontinuity_Position,Discontinuity_Width_[m],Adhesion_[N],ResidualRMS_[N],ROI,Sample,Spot X,Spot Y,AFM X,AFM Y,Distance_um,Barcode
0,0.0018377,0.0016888,-6.84E-10,-3.74E-05,7.22E-05,62.2686,1.22E-07,1.05E-12,,0,0,8.72E-12,ROI01,Patient04,5739,5795,5742.074911,5750.996196,32.35612713,TGCCCGTACCGTTAAA-1
2,0.0018777,0.0016888,9.09E-09,-0.000172427,7.06E-05,191.289,5.50E-08,-1.63E-12,,0,0,1.32E-11,ROI01,Patient04,5806,5673,5767.354196,5704.072211,36.37358462,CAAGAGGGCGGAGTAC-1
3,0.0018977,0.0016888,9.89E-09,-0.0001889,7.18E-05,42.3865,2.98E-07,-1.43E-11,,0,0,1.09E-11,ROI01,Patient04,5806,5673,5779.993839,5680.610218,19.8758797,CAAGAGGGCGGAGTAC-1
4,0.0019177,0.0016888,8.42E-09,-0.000171736,7.19E-05,98.8301,1.31E-07,-3.66E-12,,0,0,1.04E-11,ROI01,Patient04,5806,5673,5792.633481,5657.148226,15.20945986,CAAGAGGGCGGAGTAC-1
5,0.0019377,0.0016888,4.05E-09,-0.000114293,7.25E-05,101.005,1.14E-07,-9.19E-13,,0,0,9.15E-12,ROI01,Patient04,5806,5673,5805.273124,5633.686233,28.84213731,CAAGAGGGCGGAGTAC-1
6,0.0019577,0.0016888,1.29E-08,-0.000239238,7.07E-05,54.0566,2.26E-07,-8.39E-12,,0,0,1.36E-11,ROI01,Patient04,5806,5673,5817.912766,5610.224241,46.86869146,CAAGAGGGCGGAGTAC-1
8,0.0019977,0.0016888,3.66E-09,-0.000117873,7.17E-05,24.0872,3.65E-07,-7.05E-12,,0,0,9.75E-12,ROI01,Patient04,5872,5551,5843.192051,5563.300256,22.97661534,CACATATTAGCAGGAT-1
9,0.0020177,0.0016888,2.97E-08,-0.000443065,7.57E-05,181.725,6.15E-08,2.21E-12,,0,0,1.51E-11,ROI01,Patient04,5872,5551,5855.831694,5539.838263,14.41124073,CACATATTAGCAGGAT-1
10,0.0020177,0.0017088,4.69E-09,-0.000118209,8.20E-05,620.965,-6.64E-08,1.10E-11,,0,0,3.34E-11,ROI01,Patient04,5872,5551,5832.384906,5527.734558,33.6988657,CACATATTAGCAGGAT-1
11,0.0019977,0.0017088,3.81E-08,-0.00058849,7.25E-05,1086.55,-7.15E-08,2.27E-11,,0,0,3.63E-11,ROI01,Patient04,5872,5551,5819.745263,5551.196551,38.32986594,CACATATTAGCAGGAT-1
14,0.0019377,0.0017088,-5.67E-10,-6.80E-05,7.15E-05,39.7346,5.28E-07,1.10E-12,,0,0,2.35E-11,ROI01,Patient04,5806,5673,5781.826336,5621.582528,41.67576339,CAAGAGGGCGGAGTAC-1
15,0.0019177,0.0017088,2.39E-09,-0.000111311,7.38E-05,51.1266,1.95E-07,-3.41E-12,,0,0,9.30E-12,ROI01,Patient04,5806,5673,5769.186693,5645.044521,33.90652031,CAAGAGGGCGGAGTAC-1
16,0.0018977,0.0017088,9.64E-09,-0.000206725,7.41E-05,99.6921,1.13E-07,-3.46E-12,,0,0,1.20E-11,ROI01,Patient04,5806,5673,5756.547051,5668.506513,36.42388124,CAAGAGGGCGGAGTAC-1
17,0.0018777,0.0017088,-2.34E-09,-5.11E-05,7.56E-05,210.093,5.58E-08,-4.62E-12,,0,0,1.04E-11,ROI01,Patient04,5806,5673,5743.907408,5691.968506,47.62363141,CAAGAGGGCGGAGTAC-1
19,0.0018377,0.0017088,-4.91E-11,-9.19E-05,7.10E-05,74.9957,1.65E-07,-1.83E-12,,0,0,1.04E-11,ROI01,Patient04,5739,5795,5718.628123,5738.892491,43.7845101,TGCCCGTACCGTTAAA-1
20,0.0018377,0.0017288,6.57E-09,-9.84E-05,7.48E-05,124.092,6.72E-08,-1.72E-12,,0,0,1.15E-11,ROI01,Patient04,5667,5676,5695.181336,5726.788786,42.60504744,GTCGTTATTCGCTTAT-1
22,0.0018777,0.0017288,5.92E-09,-9.25E-05,7.55E-05,99.2063,1.13E-07,-7.26E-12,,0,0,1.03E-11,ROI01,Patient04,5667,5676,5720.460621,5679.864801,39.31646492,GTCGTTATTCGCTTAT-1
25,0.0019377,0.0017288,8.26E-09,-0.00012645,7.65E-05,63.617,1.44E-07,-2.55E-12,,0,0,9.36E-12,ROI01,Patient04,5734,5554,5758.379548,5609.478823,44.4503728,TCGCAAAGATGCATTT-1
26,0.0019577,0.0017288,1.01E-09,-3.54E-05,7.51E-05,44.1331,4.11E-07,-1.23E-11,,0,0,1.67E-11,ROI01,Patient04,5734,5554,5771.019191,5586.016831,35.90099344,TCGCAAAGATGCATTT-1
27,0.0019777,0.0017288,9.45E-09,-0.000149411,7.36E-05,304.228,2.14E-08,-6.75E-12,,0,0,1.31E-11,ROI01,Patient04,5734,5554,5783.658833,5562.554838,36.96202318,TCGCAAAGATGCATTT-1
28,0.0019977,0.0017288,2.91E-08,-0.000378712,7.99E-05,124.985,7.90E-08,9.09E-13,,0,0,1.74E-11,ROI01,Patient04,5734,5554,5796.298476,5539.092846,46.9868612,TCGCAAAGATGCATTT-1
32,0.0019777,0.0017488,3.21E-08,-0.000443138,7.59E-05,529.441,-2.91E-08,1.33E-11,,0,0,4.31E-11,ROI01,Patient04,5734,5554,5760.212045,5550.451134,19.40232981,TCGCAAAGATGCATTT-1
33,0.0019577,0.0017488,1.02E-08,-0.000161075,7.55E-05,95.8862,1.25E-07,-5.95E-12,,0,0,1.21E-11,ROI01,Patient04,5734,5554,5747.572403,5573.913126,17.67666979,TCGCAAAGATGCATTT-1
34,0.0019377,0.0017488,2.21E-08,-0.000316169,7.60E-05,101.342,6.04E-08,1.24E-11,,0,0,2.69E-11,ROI01,Patient04,5734,5554,5734.93276,5597.375119,31.82362404,TCGCAAAGATGCATTT-1
35,0.0019177,0.0017488,3.67E-09,-7.91E-05,7.69E-05,1562.54,1.88E-08,-1.63E-12,,0,0,2.11E-11,ROI01,Patient04,5734,5554,5722.293118,5620.837111,49.77233749,TCGCAAAGATGCATTT-1
36,0.0018977,0.0017488,2.06E-09,-5.88E-05,7.76E-05,96.2805,8.83E-08,7.67E-16,,0,0,8.90E-12,ROI01,Patient04,5667,5676,5709.653475,5644.299104,38.98175154,GTCGTTATTCGCTTAT-1
37,0.0018777,0.0017488,6.47E-10,-4.19E-05,8.04E-05,81.8512,1.18E-07,-9.88E-13,,0,0,9.08E-12,ROI01,Patient04,5667,5676,5697.013833,5667.761096,22.82997263,GTCGTTATTCGCTTAT-1
38,0.0018577,0.0017488,3.00E-08,-0.000432489,7.48E-05,418.564,2.37E-08,5.89E-12,,0,0,2.80E-11,ROI01,Patient04,5667,5676,5684.37419,5691.223089,16.94409889,GTCGTTATTCGCTTAT-1
39,0.0018377,0.0017488,4.33E-09,-9.44E-05,7.59E-05,73.9164,1.34E-07,-8.09E-12,,0,0,1.10E-11,ROI01,Patient04,5667,5676,5671.734548,5714.685081,28.58778522,GTCGTTATTCGCTTAT-1
40,0.0018377,0.0017688,4.07E-09,-9.05E-05,7.81E-05,183.559,3.78E-08,-4.53E-12,,0,0,1.28E-11,ROI01,Patient04,5667,5676,5648.28776,5702.581376,23.84448849,GTCGTTATTCGCTTAT-1
41,0.0018577,0.0017688,4.33E-09,-9.55E-05,7.73E-05,65.2893,1.61E-07,-3.66E-12,,0,0,9.59E-12,ROI01,Patient04,5667,5676,5660.927403,5679.119384,5.007651569,GTCGTTATTCGCTTAT-1
42,0.0018777,0.0017688,1.10E-08,-0.000174647,8.01E-05,212.705,2.16E-08,2.12E-12,,0,0,1.34E-11,ROI01,Patient04,5667,5676,5673.567045,5655.657391,15.67984875,GTCGTTATTCGCTTAT-1
43,0.0018977,0.0017688,3.43E-08,-0.00047515,7.68E-05,102.655,1.42E-07,-6.81E-12,,0,0,1.45E-11,ROI01,Patient04,5667,5676,5686.206688,5632.195399,35.0842255,GTCGTTATTCGCTTAT-1
44,0.0019177,0.0017688,1.91E-09,-6.66E-05,7.74E-05,63.2067,1.54E-07,-1.09E-11,,0,0,1.18E-11,ROI01,Patient04,5734,5554,5698.84633,5608.733406,47.71523693,TCGCAAAGATGCATTT-1
45,0.0019377,0.0017688,1.21E-08,-0.000201882,7.60E-05,404.919,2.38E-08,7.85E-12,,0,0,1.83E-11,ROI01,Patient04,5734,5554,5711.485973,5585.271414,28.26441619,TCGCAAAGATGCATTT-1
46,0.0019577,0.0017688,2.45E-08,-0.000360718,7.63E-05,677.564,1.90E-08,6.49E-12,,0,0,2.29E-11,ROI01,Patient04,5734,5554,5724.125615,5561.809421,9.234432833,TCGCAAAGATGCATTT-1
47,0.0019777,0.0017688,5.26E-09,-0.00010587,8.28E-05,44.8889,1.04E-07,6.98E-12,,0,0,1.59E-11,ROI01,Patient04,5734,5554,5736.765258,5538.347429,11.65917736,TCGCAAAGATGCATTT-1
52,0.0019777,0.0017888,6.11E-08,-0.000774233,8.36E-05,578.46,-3.37E-09,1.89E-11,,0,0,2.97E-11,ROI01,Patient04,5734,5554,5713.31847,5526.243724,25.38994292,TCGCAAAGATGCATTT-1
53,0.0019577,0.0017888,6.97E-09,-0.000135054,7.92E-05,263.56,2.75E-08,-1.49E-13,,0,0,9.67E-12,ROI01,Patient04,5734,5554,5700.678828,5549.705716,24.64369321,TCGCAAAGATGCATTT-1
54,0.0019377,0.0017888,-2.65E-09,-1.76E-05,7.72E-05,76.0691,4.33E-07,1.51E-11,,0,0,2.34E-11,ROI01,Patient04,5734,5554,5688.039185,5573.167709,36.52722503,TCGCAAAGATGCATTT-1
56,0.0018977,0.0017888,8.74E-09,-0.000172177,7.42E-05,80.563,1.21E-07,-1.18E-12,,0,0,9.99E-12,ROI01,Patient04,5667,5676,5662.7599,5620.091694,41.12730936,GTCGTTATTCGCTTAT-1
57,0.0018777,0.0017888,-1.28E-09,-4.02E-05,7.64E-05,12.0873,5.27E-07,-3.22E-12,,0,0,6.87E-12,ROI01,Patient04,5667,5676,5650.120258,5643.553686,26.82786674,GTCGTTATTCGCTTAT-1
58,0.0018577,0.0017888,1.38E-08,-0.000242296,7.42E-05,69.6381,1.61E-07,-1.26E-11,,0,0,9.17E-12,ROI01,Patient04,5667,5676,5637.480615,5667.015679,22.6335466,GTCGTTATTCGCTTAT-1
59,0.0018377,0.0017888,1.98E-08,-0.00031886,7.55E-05,213.333,5.64E-08,7.93E-14,,0,0,3.28E-11,ROI01,Patient04,5667,5676,5624.840973,5690.477671,32.6968587,GTCGTTATTCGCTTAT-1
60,0.0018377,0.0018088,5.87E-09,-0.000140483,7.38E-05,355.076,6.53E-09,-9.63E-13,,0,0,1.05E-11,ROI01,Patient04,5667,5676,5601.394185,5678.373966,48.15429656,GTCGTTATTCGCTTAT-1
61,0.0018577,0.0018088,9.67E-09,-0.000193558,7.33E-05,224.712,5.64E-08,-1.56E-12,,0,0,1.39E-11,ROI01,Patient04,5667,5676,5614.033827,5654.911974,41.81752096,GTCGTTATTCGCTTAT-1
62,0.0018777,0.0018088,-3.72E-09,-1.71E-05,7.38E-05,66.3799,1.63E-07,-1.54E-12,,0,0,1.01E-11,ROI01,Patient04,5667,5676,5626.67347,5631.449981,44.07763583,GTCGTTATTCGCTTAT-1
63,0.0018977,0.0018088,-2.80E-10,-6.32E-05,7.56E-05,229.166,3.34E-08,-7.35E-13,,0,0,1.10E-11,ROI01,Patient04,5595,5557,5639.313112,5607.987989,49.55119307,TCGTGTACTATGGATG-1
64,0.0019177,0.0018088,1.73E-08,-0.000296698,7.39E-05,91.4229,1.00E-07,-1.97E-12,,0,0,1.11E-11,ROI01,Patient04,5595,5557,5651.952755,5584.525996,46.39903479,TCGTGTACTATGGATG-1
66,0.0019577,0.0018088,7.82E-09,-0.000163119,7.88E-05,42.5192,1.91E-07,-5.77E-13,,0,0,8.84E-12,ROI01,Patient04,5734,5554,5677.23204,5537.602011,43.34253397,TCGCAAAGATGCATTT-1
67,0.0019777,0.0018088,-2.69E-09,-3.15E-05,8.29E-05,347.1,2.30E-08,7.89E-12,,0,0,1.79E-11,ROI01,Patient04,5734,5554,5689.871682,5514.140019,43.6186744,TCGCAAAGATGCATTT-1
70,0.0020177,0.0018288,7.44E-09,-9.89E-05,8.18E-05,108.752,1.01E-07,-8.23E-12,,0,0,1.27E-11,ROI01,Patient04,5662,5436,5691.70418,5455.112329,25.90893883,ACCACGTGCAGCTATA-1
71,0.0019977,0.0018288,3.16E-08,-0.000408453,7.78E-05,175.213,8.66E-08,-1.05E-12,,0,0,1.25E-11,ROI01,Patient04,5662,5436,5679.064537,5478.574321,33.64401555,ACCACGTGCAGCTATA-1
72,0.0019777,0.0018288,7.68E-09,-0.000108381,7.78E-05,316.882,4.51E-08,-1.08E-12,,0,0,1.25E-11,ROI01,Patient04,5662,5436,5666.424895,5502.036314,48.54719964,ACCACGTGCAGCTATA-1
73,0.0019577,0.0018288,3.27E-09,-5.43E-05,7.74E-05,55.9975,6.06E-08,1.86E-11,,0,0,1.95E-11,ROI01,Patient04,5595,5557,5653.785252,5525.498306,48.92085168,TCGTGTACTATGGATG-1
74,0.0019377,0.0018288,8.26E-09,-0.00012204,7.67E-05,424.962,4.06E-10,1.78E-12,,0,0,1.41E-11,ROI01,Patient04,5595,5557,5641.14561,5548.960299,34.35834447,TCGTGTACTATGGATG-1
75,0.0019177,0.0018288,2.44E-09,-4.85E-05,7.52E-05,238.853,3.42E-08,-6.08E-13,,0,0,1.06E-11,ROI01,Patient04,5595,5557,5628.505967,5572.422291,27.05561089,TCGTGTACTATGGATG-1
76,0.0018977,0.0018288,6.18E-09,-0.000103478,7.23E-05,90.1876,1.43E-07,-4.04E-12,,0,0,1.13E-11,ROI01,Patient04,5595,5557,5615.866325,5595.884284,32.36943722,TCGTGTACTATGGATG-1
77,0.0018777,0.0018288,2.14E-09,-4.58E-05,7.61E-05,538.586,2.31E-08,-7.28E-13,,0,0,1.42E-11,ROI01,Patient04,5595,5557,5603.226682,5619.346276,46.1282884,TCGTGTACTATGGATG-1
79,0.0018377,0.0018288,1.17E-08,-0.00017008,7.70E-05,108.362,7.96E-08,-1.40E-12,,0,0,1.05E-11,ROI01,Patient04,5529,5679,5577.947397,5666.270261,37.09794308,GCGGAGAGGGAGAACG-1
80,0.0018377,0.0018488,4.98E-09,-8.20E-05,8.10E-05,93.3885,8.71E-08,6.06E-13,,0,0,8.26E-12,ROI01,Patient04,5529,5679,5554.500609,5654.166557,26.10920302,GCGGAGAGGGAGAACG-1
81,0.0018577,0.0018488,1.58E-08,-0.000217609,7.96E-05,48.8324,1.88E-07,-1.24E-12,,0,0,1.36E-11,ROI01,Patient04,5529,5679,5567.140252,5630.704564,45.14020785,GCGGAGAGGGAGAACG-1
82,0.0018777,0.0018488,1.11E-08,-0.000164057,7.77E-05,42.4662,2.24E-07,-4.50E-12,,0,0,1.05E-11,ROI01,Patient04,5595,5557,5579.779894,5607.242572,38.50752619,TCGTGTACTATGGATG-1
83,0.0018977,0.0018488,1.02E-08,-0.000160809,7.45E-05,100.721,1.18E-07,1.81E-12,,0,0,1.08E-11,ROI01,Patient04,5595,5557,5592.419537,5583.780579,19.73491748,TCGTGTACTATGGATG-1
84,0.0019177,0.0018488,9.27E-09,-0.000149891,7.45E-05,714.62,1.08E-08,1.13E-12,,0,0,1.38E-11,ROI01,Patient04,5595,5557,5605.059179,5560.318586,7.769716996,TCGTGTACTATGGATG-1
85,0.0019377,0.0018488,8.85E-09,-0.000144898,7.32E-05,188.851,7.50E-08,-5.50E-12,,0,0,1.34E-11,ROI01,Patient04,5595,5557,5617.698822,5536.856594,22.26059694,TCGTGTACTATGGATG-1
86,0.0019577,0.0018488,3.98E-09,-8.22E-05,7.40E-05,162.149,6.82E-08,-3.03E-12,,0,0,1.05E-11,ROI01,Patient04,5595,5557,5630.338464,5513.394601,41.16994037,TCGTGTACTATGGATG-1
87,0.0019777,0.0018488,2.54E-08,-0.000365099,7.46E-05,530.524,-4.01E-08,1.81E-11,,0,0,2.95E-11,ROI01,Patient04,5662,5436,5642.978107,5489.932609,41.94879992,ACCACGTGCAGCTATA-1
89,0.0020177,0.0018488,1.75E-09,-5.29E-05,7.70E-05,225.838,2.59E-08,2.83E-12,,0,0,1.84E-11,ROI01,Patient04,5662,5436,5668.257392,5443.008624,6.891746697,ACCACGTGCAGCTATA-1
90,0.0020177,0.0018688,5.36E-09,-0.000101776,7.71E-05,227.772,1.22E-08,3.97E-12,,0,0,1.43E-11,ROI01,Patient04,5662,5436,5644.810604,5430.904919,13.15089367,ACCACGTGCAGCTATA-1
92,0.0019777,0.0018688,2.47E-08,-0.0003595,7.47E-05,888.46,-4.29E-08,1.19E-11,,0,0,2.02E-11,ROI01,Patient04,5662,5436,5619.531319,5477.828904,43.72413301,ACCACGTGCAGCTATA-1
93,0.0019577,0.0018688,1.66E-09,-5.54E-05,7.87E-05,411.156,2.43E-08,-2.12E-11,,0,0,1.22E-11,ROI01,Patient04,5595,5557,5606.891677,5501.290897,41.7840283,TCGTGTACTATGGATG-1
94,0.0019377,0.0018688,2.98E-08,-0.000423906,7.54E-05,463.892,1.68E-08,-7.40E-13,,0,0,1.72E-11,ROI01,Patient04,5595,5557,5594.252034,5524.752889,23.66007793,TCGTGTACTATGGATG-1
95,0.0019177,0.0018688,1.39E-10,-3.70E-05,7.90E-05,91.8567,7.86E-08,9.96E-14,,0,0,1.01E-11,ROI01,Patient04,5595,5557,5581.612392,5548.214882,11.74553933,TCGTGTACTATGGATG-1
96,0.0018977,0.0018688,-2.40E-09,-8.04E-06,7.64E-05,74.6139,1.22E-07,3.70E-13,,0,0,9.14E-12,ROI01,Patient04,5595,5557,5568.972749,5571.676874,21.91757834,TCGTGTACTATGGATG-1
97,0.0018777,0.0018688,3.34E-08,-0.000465132,7.72E-05,605.563,-1.40E-08,9.28E-12,,0,0,2.56E-11,ROI01,Patient04,5595,5557,5556.333107,5595.138867,39.83800856,TCGTGTACTATGGATG-1
98,0.0018577,0.0018688,1.69E-08,-0.000242149,8.14E-05,37.852,1.52E-07,1.04E-12,,0,0,1.10E-11,ROI01,Patient04,5529,5679,5543.693464,5618.600859,45.59576906,GCGGAGAGGGAGAACG-1
99,0.0018377,0.0018688,2.87E-09,-7.52E-05,7.93E-05,250.258,2.53E-08,-4.54E-13,,0,0,1.05E-11,ROI01,Patient04,5529,5679,5531.053822,5642.062852,27.13577628,GCGGAGAGGGAGAACG-1
0,0.0014141,0.0017137,1.85E-08,-0.000254886,7.45E-05,54.218,1.54E-07,-2.28E-12,,0,0,9.21E-12,ROI02,Patient04,5473,6282,5437.588541,6256.661009,31.93977418,TCTGCCAGAAACTGCA-1
4,0.0014941,0.0017137,3.14E-08,-0.000415844,7.63E-05,88.9482,1.04E-07,5.15E-13,,0,0,1.25E-11,ROI02,Patient04,5539,6161,5488.368461,6162.88644,37.1647247,ACTCTCTGACTTAGGT-1
5,0.0015141,0.0017137,2.80E-08,-0.00038543,7.46E-05,319.954,-5.84E-09,3.16E-11,,0,0,4.01E-11,ROI02,Patient04,5539,6161,5501.063441,6139.442798,32.00590496,ACTCTCTGACTTAGGT-1
6,0.0015341,0.0017137,2.10E-08,-0.000318866,6.75E-05,780.822,-1.83E-08,6.89E-14,,0,0,1.48E-11,ROI02,Patient04,5539,6161,5513.758421,6115.999156,37.84687143,ACTCTCTGACTTAGGT-1
9,0.0015941,0.0017137,1.87E-08,-0.00032679,6.07E-05,236.416,-6.59E-08,2.60E-11,,0,0,3.41E-11,ROI02,Patient04,5606,6039,5551.843361,6045.66823,40.02466026,CGTGCCCTCCCGAAGA-1
10,0.0015941,0.0017337,-1.18E-09,-5.63E-06,6.85E-05,70.3887,1.07E-07,-1.90E-12,,0,0,7.61E-12,ROI02,Patient04,5468,6042,5528.694792,6033.068397,44.99995703,CTGGGTAGGCAGTTAA-1
11,0.0015741,0.0017337,6.83E-10,-3.31E-05,6.82E-05,85.6994,1.66E-07,-1.21E-11,,0,0,8.19E-12,ROI02,Patient04,5468,6042,5515.999812,6056.512039,36.78251313,CTGGGTAGGCAGTTAA-1
15,0.0014941,0.0017337,4.20E-09,-7.82E-05,7.68E-05,10.4183,5.17E-07,-2.92E-12,,0,0,6.75E-12,ROI02,Patient04,5401,6164,5465.219892,6150.286608,48.16822166,GTTTGGCCCAAGTTAT-1
16,0.0014741,0.0017337,6.79E-09,-0.000114195,7.56E-05,46.5037,1.89E-07,-8.53E-12,,0,0,7.54E-12,ROI02,Patient04,5401,6164,5452.524912,6173.73025,38.46227575,GTTTGGCCCAAGTTAT-1
17,0.0014541,0.0017337,3.06E-11,-2.72E-05,7.61E-05,118.466,6.21E-08,-1.11E-12,,0,0,7.69E-12,ROI02,Patient04,5401,6164,5439.829932,6197.173892,37.46147711,GTTTGGCCCAAGTTAT-1
18,0.0014341,0.0017337,1.12E-09,-4.37E-05,7.38E-05,31.9631,2.23E-07,-3.77E-12,,0,0,7.17E-12,ROI02,Patient04,5401,6164,5427.134952,6220.617534,45.74083967,GTTTGGCCCAAGTTAT-1
20,0.0014141,0.0017537,2.79E-09,-7.06E-05,6.97E-05,16.9473,3.90E-07,-7.38E-12,,0,0,7.22E-12,ROI02,Patient04,5401,6164,5391.291402,6231.461344,49.99366421,GTTTGGCCCAAGTTAT-1
21,0.0014341,0.0017537,1.08E-08,-0.000185748,6.91E-05,26.5927,3.12E-07,-9.90E-12,,0,0,8.40E-12,ROI02,Patient04,5401,6164,5403.986382,6208.017701,32.36183579,GTTTGGCCCAAGTTAT-1
22,0.0014541,0.0017537,8.91E-10,-4.73E-05,6.97E-05,31.6263,1.99E-07,-9.19E-13,,0,0,7.43E-12,ROI02,Patient04,5401,6164,5416.681362,6184.574059,18.97516547,GTTTGGCCCAAGTTAT-1
23,0.0014741,0.0017537,2.74E-10,-3.76E-05,7.30E-05,91.7404,1.13E-07,-7.79E-12,,0,0,8.02E-12,ROI02,Patient04,5401,6164,5429.376342,6161.130417,20.92061012,GTTTGGCCCAAGTTAT-1
24,0.0014941,0.0017537,1.49E-09,-5.48E-05,7.31E-05,62.9458,1.83E-07,-1.24E-11,,0,0,8.02E-12,ROI02,Patient04,5401,6164,5442.071322,6137.686775,35.7789531,GTTTGGCCCAAGTTAT-1
26,0.0015341,0.0017537,2.80E-08,-0.000416809,7.23E-05,139.287,2.70E-08,2.18E-11,,0,0,3.48E-11,ROI02,Patient04,5468,6042,5467.461282,6090.799491,35.79730398,CTGGGTAGGCAGTTAA-1
27,0.0015541,0.0017537,1.35E-08,-0.000224765,7.12E-05,124.869,1.92E-07,1.34E-12,,0,0,2.20E-11,ROI02,Patient04,5468,6042,5480.156262,6067.355849,20.62589149,CTGGGTAGGCAGTTAA-1
28,0.0015741,0.0017537,1.67E-09,-6.47E-05,6.87E-05,96.8472,8.72E-08,-1.33E-12,,0,0,8.29E-12,ROI02,Patient04,5468,6042,5492.851242,6043.912207,18.28262458,CTGGGTAGGCAGTTAA-1
29,0.0015941,0.0017537,2.09E-08,-0.000350292,6.68E-05,732.183,-3.03E-08,2.09E-11,,0,0,2.94E-11,ROI02,Patient04,5468,6042,5505.546222,6020.468565,31.74787957,CTGGGTAGGCAGTTAA-1
30,0.0015941,0.0017737,4.50E-09,-0.000108316,6.76E-05,25.5805,3.32E-07,-9.00E-12,,0,0,7.81E-12,ROI02,Patient04,5468,6042,5482.397653,6007.868732,27.17208375,CTGGGTAGGCAGTTAA-1
31,0.0015741,0.0017737,8.75E-09,-0.000166095,6.95E-05,63.5572,1.65E-07,-3.08E-12,,0,0,9.43E-12,ROI02,Patient04,5468,6042,5469.702673,6031.312374,7.938388033,CTGGGTAGGCAGTTAA-1
32,0.0015541,0.0017737,6.57E-10,-5.15E-05,7.07E-05,26.4244,2.67E-07,-2.39E-12,,0,0,1.01E-11,ROI02,Patient04,5468,6042,5457.007693,6054.756016,12.35153464,CTGGGTAGGCAGTTAA-1
33,0.0015341,0.0017737,6.94E-10,-5.26E-05,7.07E-05,10.3566,5.56E-07,-7.42E-12,,0,0,7.39E-12,ROI02,Patient04,5468,6042,5444.312713,6078.199658,31.73246517,CTGGGTAGGCAGTTAA-1
35,0.0014941,0.0017737,1.28E-08,-0.000238278,6.63E-05,228.313,2.90E-08,-1.30E-12,,0,0,2.10E-11,ROI02,Patient04,5401,6164,5418.922753,6125.086943,31.42533923,GTTTGGCCCAAGTTAT-1
37,0.0014541,0.0017737,2.31E-09,-8.53E-05,6.77E-05,18.2678,3.71E-07,-5.33E-12,,0,0,7.67E-12,ROI02,Patient04,5401,6164,5393.532793,6171.974227,8.013369808,GTTTGGCCCAAGTTAT-1
38,0.0014341,0.0017737,-1.07E-09,-3.81E-05,6.64E-05,328.251,2.52E-08,-3.05E-13,,0,0,8.87E-12,ROI02,Patient04,5401,6164,5380.837813,6195.417869,27.38274953,GTTTGGCCCAAGTTAT-1
39,0.0014141,0.0017737,9.79E-09,-0.000197271,6.75E-05,96.8761,9.44E-08,-6.26E-12,,0,0,1.17E-11,ROI02,Patient04,5401,6164,5368.142833,6218.861511,46.90695452,GTTTGGCCCAAGTTAT-1
41,0.0014341,0.0017937,6.80E-09,-0.000152895,6.98E-05,524.087,-2.12E-08,1.14E-11,,0,0,2.33E-11,ROI02,Patient04,5401,6164,5357.689243,6182.818036,34.6381882,GTTTGGCCCAAGTTAT-1
42,0.0014541,0.0017937,7.98E-09,-0.000169487,6.97E-05,265.567,1.59E-08,-1.86E-12,,0,0,1.33E-11,ROI02,Patient04,5401,6164,5370.384223,6159.374394,22.71197571,GTTTGGCCCAAGTTAT-1
43,0.0014741,0.0017937,3.64E-09,-0.000107613,7.00E-05,307.114,3.57E-08,-4.37E-13,,0,0,1.20E-11,ROI02,Patient04,5401,6164,5383.079203,6135.930752,24.427651,GTTTGGCCCAAGTTAT-1
46,0.0015341,0.0017937,1.55E-08,-0.000277746,6.94E-05,83.6134,1.07E-07,5.02E-13,,0,0,1.27E-11,ROI02,Patient04,5468,6042,5421.164143,6065.599826,38.46965392,CTGGGTAGGCAGTTAA-1
47,0.0015541,0.0017937,5.86E-09,-0.000142752,6.96E-05,36.1107,2.49E-07,-4.72E-12,,0,0,8.19E-12,ROI02,Patient04,5468,6042,5433.859123,6042.156184,25.04308228,CTGGGTAGGCAGTTAA-1
48,0.0015741,0.0017937,-1.56E-09,-3.83E-05,7.06E-05,55.9242,1.39E-07,-3.45E-12,,0,0,8.02E-12,ROI02,Patient04,5468,6042,5446.554103,6018.712542,23.22163219,CTGGGTAGGCAGTTAA-1
49,0.0015941,0.0017937,-2.34E-09,-3.01E-05,6.81E-05,61.4995,1.36E-07,-1.41E-12,,0,0,1.21E-11,ROI02,Patient04,5468,6042,5459.249083,5995.2689,34.87375758,CTGGGTAGGCAGTTAA-1
50,0.0015941,0.0018137,-3.02E-09,-2.24E-05,6.70E-05,106.385,8.76E-08,1.25E-12,,0,0,8.13E-12,ROI02,Patient04,5468,6042,5436.100514,5982.669067,49.41152045,CTGGGTAGGCAGTTAA-1
51,0.0015741,0.0018137,2.07E-09,-9.68E-05,6.63E-05,2136.56,-3.62E-08,1.09E-11,,0,0,1.85E-11,ROI02,Patient04,5468,6042,5423.405534,6006.112709,41.98729513,CTGGGTAGGCAGTTAA-1
52,0.0015541,0.0018137,1.17E-08,-0.000237116,6.80E-05,613.404,-2.94E-08,1.66E-11,,0,0,2.26E-11,ROI02,Patient04,5468,6042,5410.710554,6029.556351,43.0024893,CTGGGTAGGCAGTTAA-1
54,0.0015141,0.0018137,-1.80E-09,-4.44E-05,6.75E-05,13.8933,3.84E-07,-1.76E-13,,0,0,8.10E-12,ROI02,Patient04,5329,6045,5385.320594,6076.443635,47.31429419,GAATGTGGTCCGGATT-1
57,0.0014541,0.0018137,6.27E-09,-0.000160369,6.77E-05,39.6953,2.30E-07,-2.36E-12,,0,0,1.12E-11,ROI02,Patient04,5401,6164,5347.235654,6146.774562,41.41154597,GTTTGGCCCAAGTTAT-1
58,0.0014341,0.0018137,7.91E-09,-0.000191302,6.64E-05,62.121,2.01E-07,-6.22E-12,,0,0,1.19E-11,ROI02,Patient04,5401,6164,5334.540674,6170.218204,48.96177842,GTTTGGCCCAAGTTAT-1
59,0.0014141,0.0018137,8.25E-09,-0.00019018,6.92E-05,153.137,6.50E-08,-3.43E-13,,0,0,1.07E-11,ROI02,Patient04,5263,6167,5321.845694,6193.661846,47.38791529,CCCAGTTAAGGCGCCG-1
60,0.0014141,0.0018337,-5.02E-09,-1.82E-06,7.52E-05,19.7719,2.52E-07,-3.38E-12,,0,0,7.79E-12,ROI02,Patient04,5263,6167,5298.697124,6181.062013,28.14272475,CCCAGTTAAGGCGCCG-1
61,0.0014341,0.0018337,1.45E-08,-0.000273763,7.12E-05,310.193,-2.90E-08,1.27E-11,,0,0,3.13E-11,ROI02,Patient04,5263,6167,5311.392104,6157.618371,36.15719958,CCCAGTTAAGGCGCCG-1
63,0.0014741,0.0018337,-3.83E-09,-2.25E-05,7.11E-05,272.859,1.00E-08,-9.81E-13,,0,0,1.00E-11,ROI02,Patient04,5329,6045,5336.782064,6110.731087,48.55142137,GAATGTGGTCCGGATT-1
64,0.0014941,0.0018337,9.63E-09,-0.000215501,6.83E-05,148.133,5.33E-08,-3.28E-12,,0,0,1.58E-11,ROI02,Patient04,5329,6045,5349.477044,6087.287445,34.46375499,GAATGTGGTCCGGATT-1
65,0.0015141,0.0018337,4.81E-10,-8.51E-05,6.90E-05,18.6161,2.30E-07,5.65E-13,,0,0,7.22E-12,ROI02,Patient04,5329,6045,5362.172024,6063.843803,27.98404604,GAATGTGGTCCGGATT-1
66,0.0015341,0.0018337,-3.33E-09,-3.27E-05,6.83E-05,49.5526,1.88E-08,1.88E-11,,0,0,1.12E-11,ROI02,Patient04,5329,6045,5374.867004,6040.400161,33.81286429,GAATGTGGTCCGGATT-1
67,0.0015541,0.0018337,-3.23E-09,-3.61E-05,6.87E-05,793.612,1.01E-08,8.99E-13,,0,0,1.06E-11,ROI02,Patient04,5329,6045,5387.561984,6016.956519,47.62729559,GAATGTGGTCCGGATT-1
69,0.0015941,0.0018337,1.07E-08,-0.000238428,6.91E-05,1087.43,1.15E-08,1.09E-11,,0,0,2.20E-11,ROI02,Patient04,5396,5923,5412.951944,5970.069235,36.69684162,TCCCGTGTGCAATTTG-1
70,0.0015941,0.0018537,3.19E-09,-0.000131749,6.77E-05,96.4281,7.57E-08,1.25E-12,,0,0,8.63E-12,ROI02,Patient04,5396,5923,5389.803375,5957.469402,25.68910895,TCCCGTGTGCAATTTG-1
71,0.0015741,0.0018537,1.41E-10,-8.99E-05,6.67E-05,394.413,3.66E-09,-5.28E-12,,0,0,1.50E-11,ROI02,Patient04,5396,5923,5377.108395,5980.913044,44.68308242,TCCCGTGTGCAATTTG-1
72,0.0015541,0.0018537,-5.98E-09,-2.10E-06,7.13E-05,38.6742,2.24E-07,6.90E-13,,0,0,8.14E-12,ROI02,Patient04,5329,6045,5364.413415,6004.356686,39.54171855,GAATGTGGTCCGGATT-1
73,0.0015341,0.0018537,2.26E-09,-0.000122427,6.77E-05,232.235,3.71E-08,-4.09E-12,,0,0,1.27E-11,ROI02,Patient04,5329,6045,5351.718435,6027.800328,20.90137264,GAATGTGGTCCGGATT-1
74,0.0015141,0.0018537,8.81E-09,-0.000215353,6.90E-05,1201.64,-2.29E-08,2.06E-11,,0,0,2.76E-11,ROI02,Patient04,5329,6045,5339.023455,6051.24397,8.662204355,GAATGTGGTCCGGATT-1
75,0.0014941,0.0018537,-2.84E-09,-4.76E-05,7.08E-05,216.621,4.17E-08,-1.94E-12,,0,0,7.83E-12,ROI02,Patient04,5329,6045,5326.328475,6074.687612,21.86427965,GAATGTGGTCCGGATT-1
76,0.0014741,0.0018537,-2.32E-10,-8.18E-05,7.08E-05,688.524,1.77E-08,5.62E-13,,0,0,1.74E-11,ROI02,Patient04,5329,6045,5313.633495,6098.131254,40.56976952,GAATGTGGTCCGGATT-1
77,0.0014541,0.0018537,2.84E-08,-0.000465817,7.32E-05,94.9439,1.40E-07,-1.69E-11,,0,0,2.00E-11,ROI02,Patient04,5263,6167,5300.938515,6121.574897,43.41246371,CCCAGTTAAGGCGCCG-1
78,0.0014341,0.0018537,2.02E-08,-0.000358229,7.27E-05,93.6691,9.51E-08,-1.02E-12,,0,0,1.93E-11,ROI02,Patient04,5263,6167,5288.243535,6145.018539,24.55269254,CCCAGTTAAGGCGCCG-1
79,0.0014141,0.0018537,3.55E-08,-0.000554041,7.41E-05,428.643,-1.63E-08,7.23E-12,,0,0,2.28E-11,ROI02,Patient04,5263,6167,5275.548555,6168.462181,9.266819863,CCCAGTTAAGGCGCCG-1
80,0.0014141,0.0018737,9.75E-09,-0.000205145,7.76E-05,188.863,3.18E-08,-1.40E-12,,0,0,1.14E-11,ROI02,Patient04,5263,6167,5252.399985,6155.862348,11.27818684,CCCAGTTAAGGCGCCG-1
81,0.0014341,0.0018737,-5.98E-09,-9.34E-06,7.88E-05,208.708,1.89E-09,-1.62E-13,,0,0,7.47E-12,ROI02,Patient04,5263,6167,5265.094965,6132.418706,25.41237678,CCCAGTTAAGGCGCCG-1
82,0.0014541,0.0018737,-3.14E-10,-8.47E-05,7.29E-05,765.5,2.20E-08,-1.02E-12,,0,0,1.13E-11,ROI02,Patient04,5263,6167,5277.789945,6108.975064,43.92296465,CCCAGTTAAGGCGCCG-1
83,0.0014741,0.0018737,-4.14E-09,-3.79E-05,6.59E-05,37.9287,2.16E-07,-3.87E-12,,0,0,8.17E-12,ROI02,Patient04,5329,6045,5290.484925,6085.531422,41.01261312,GAATGTGGTCCGGATT-1
84,0.0014941,0.0018737,3.31E-09,-0.000153891,6.42E-05,18.0739,5.49E-07,-1.71E-11,,0,0,7.86E-12,ROI02,Patient04,5329,6045,5303.179905,6062.08778,22.71135388,GAATGTGGTCCGGATT-1
85,0.0015141,0.0018737,6.45E-09,-0.000206015,6.25E-05,52.5438,2.44E-07,-8.11E-12,,0,0,1.24E-11,ROI02,Patient04,5329,6045,5315.874885,6038.644138,10.69688224,GAATGTGGTCCGGATT-1
86,0.0015341,0.0018737,-3.39E-10,-9.69E-05,6.68E-05,200.356,6.75E-08,-1.33E-12,,0,0,1.07E-11,ROI02,Patient04,5329,6045,5328.569865,6015.200496,21.86063857,GAATGTGGTCCGGATT-1
87,0.0015541,0.0018737,-2.14E-09,-7.05E-05,6.99E-05,987.555,-3.73E-08,9.40E-13,,0,0,1.35E-11,ROI02,Patient04,5329,6045,5341.264845,5991.756854,40.07740363,GAATGTGGTCCGGATT-1
88,0.0015741,0.0018737,6.02E-09,-0.000198289,6.38E-05,1264.68,1.25E-08,-1.49E-12,,0,0,1.08E-11,ROI02,Patient04,5396,5923,5353.959825,5968.313211,45.33962844,TCCCGTGTGCAATTTG-1
89,0.0015941,0.0018737,-3.46E-09,-5.74E-05,6.42E-05,32.4545,3.03E-07,-4.21E-12,,0,0,2.55E-11,ROI02,Patient04,5396,5923,5366.654805,5944.869569,26.84520453,TCCCGTGTGCAATTTG-1
90,0.0015941,0.0018937,-5.12E-09,-3.38E-05,6.26E-05,17.1124,2.61E-07,4.96E-12,,0,0,7.81E-12,ROI02,Patient04,5396,5923,5343.506236,5932.269737,39.10066813,TCCCGTGTGCAATTTG-1
92,0.0015541,0.0018937,-3.26E-09,-6.06E-05,6.87E-05,8.93208,5.75E-07,-5.53E-12,,0,0,6.63E-12,ROI02,Patient04,5329,6045,5318.116276,5979.157021,48.95213591,GAATGTGGTCCGGATT-1
93,0.0015341,0.0018937,1.59E-08,-0.000343101,6.66E-05,374.876,-9.35E-09,1.01E-12,,0,0,1.15E-11,ROI02,Patient04,5329,6045,5305.421296,6002.600663,35.58609578,GAATGTGGTCCGGATT-1
94,0.0015141,0.0018937,9.53E-09,-0.000257088,6.56E-05,140.8,4.38E-08,6.21E-12,,0,0,1.42E-11,ROI02,Patient04,5329,6045,5292.726316,6026.044305,30.02124829,GAATGTGGTCCGGATT-1
95,0.0014941,0.0018937,-1.69E-09,-9.10E-05,6.39E-05,151.345,6.58E-08,2.95E-12,,0,0,8.50E-12,ROI02,Patient04,5329,6045,5280.031336,6049.487947,36.06975214,GAATGTGGTCCGGATT-1
96,0.0014741,0.0018937,-5.15E-09,-4.05E-05,6.25E-05,13.778,3.75E-07,6.09E-13,,0,0,7.55E-12,ROI02,Patient04,5329,6045,5267.336356,6072.931589,49.65506242,GAATGTGGTCCGGATT-1
98,0.0014341,0.0018937,-3.00E-09,-6.26E-05,7.75E-05,373.856,1.08E-08,2.88E-12,,0,0,9.82E-12,ROI02,Patient04,5263,6167,5241.946396,6119.818873,37.89730374,CCCAGTTAAGGCGCCG-1
99,0.0014141,0.0018937,1.51E-09,-0.000122954,7.61E-05,50.5914,1.55E-07,1.18E-12,,0,0,1.06E-11,ROI02,Patient04,5263,6167,5229.251416,6143.262516,30.26522097,CCCAGTTAAGGCGCCG-1
0,-0.0004643,0.0011177,4.92E-08,-0.000739004,7.05E-05,1861.83,1.99E-10,3.12E-11,,0,0,4.59E-11,ROI03,Patient04,4977,8942,4955.597253,8950.562482,16.9089542,ATATCTCCCTCGTTAA-1
1,-0.0004443,0.0011177,3.74E-09,-0.000100127,7.09E-05,70.4816,1.29E-07,1.79E-12,,0,0,1.13E-11,ROI03,Patient04,4977,8942,4968.551008,8927.676053,12.19843109,ATATCTCCCTCGTTAA-1
2,-0.0004243,0.0011177,2.98E-09,-9.04E-05,7.20E-05,791.855,-2.47E-08,4.67E-12,,0,0,1.32E-11,ROI03,Patient04,4977,8942,4981.504762,8904.789624,27.49362704,ATATCTCCCTCGTTAA-1
3,-0.0004043,0.0011177,4.91E-09,-0.00012133,6.98E-05,4542.72,-9.69E-08,9.02E-12,,0,0,3.00E-11,ROI03,Patient04,4977,8942,4994.458516,8881.903195,45.90431519,ATATCTCCCTCGTTAA-1
4,-0.0003843,0.0011177,6.91E-10,-6.34E-05,6.60E-05,139.294,7.01E-08,-1.90E-12,,0,0,1.08E-11,ROI03,Patient04,5043,8820,5007.41227,8859.016766,38.73618322,CACCCACGAGGCAATT-1
5,-0.0003643,0.0011177,-5.00E-09,1.84E-05,6.59E-05,19.2454,3.02E-07,4.33E-13,,0,0,7.45E-12,ROI03,Patient04,5043,8820,5020.366025,8836.130337,20.38700778,CACCCACGAGGCAATT-1
6,-0.0003443,0.0011177,-2.76E-09,-1.59E-05,6.65E-05,551.37,-4.17E-08,1.90E-12,,0,0,1.24E-11,ROI03,Patient04,5043,8820,5033.319779,8813.243908,8.65893181,CACCCACGAGGCAATT-1
7,-0.0003243,0.0011177,1.75E-09,-8.06E-05,6.68E-05,236.191,4.42E-08,1.04E-12,,0,0,1.08E-11,ROI03,Patient04,5043,8820,5046.273533,8790.35748,21.87539559,CACCCACGAGGCAATT-1
8,-0.0003043,0.0011177,1.41E-09,-7.75E-05,6.69E-05,9203.02,-1.04E-07,7.21E-12,,0,0,3.60E-11,ROI03,Patient04,5043,8820,5059.227287,8767.471051,40.32738006,CACCCACGAGGCAATT-1
9,-0.0002843,0.0011177,-2.14E-09,-2.63E-05,6.56E-05,309.868,1.82E-08,-2.76E-14,,0,0,1.05E-11,ROI03,Patient04,5110,8698,5072.181041,8744.584622,44.01330474,CATGGGTCGGGTGTGG-1
11,-0.0003043,0.0011377,-1.67E-09,-3.50E-05,6.46E-05,10.2936,5.40E-07,-5.66E-12,,0,0,7.60E-12,ROI03,Patient04,5043,8820,5035.010077,8754.817336,48.17027102,CACCCACGAGGCAATT-1
12,-0.0003243,0.0011377,-1.53E-09,-3.93E-05,6.27E-05,21.5254,2.89E-07,-7.59E-13,,0,0,8.18E-12,ROI03,Patient04,5043,8820,5022.056323,8777.703765,34.62007932,CACCCACGAGGCAATT-1
13,-0.0003443,0.0011377,1.02E-08,-0.000232108,6.03E-05,2665.32,-5.91E-08,1.23E-11,,0,0,2.37E-11,ROI03,Patient04,5043,8820,5009.102569,8800.590194,28.65193872,CACCCACGAGGCAATT-1
14,-0.0003643,0.0011377,9.06E-09,-0.000214556,5.97E-05,197.674,5.57E-08,-4.97E-13,,0,0,1.27E-11,ROI03,Patient04,5043,8820,4996.148815,8823.476623,34.46050073,CACCCACGAGGCAATT-1
15,-0.0003843,0.0011377,-2.48E-09,-2.81E-05,6.15E-05,140.281,3.25E-08,-6.92E-13,,0,0,9.26E-12,ROI03,Patient04,5043,8820,4983.195061,8846.363051,47.94087449,CACCCACGAGGCAATT-1
17,-0.0004243,0.0011377,-2.58E-09,-2.68E-05,6.45E-05,549.066,-1.35E-08,1.14E-12,,0,0,1.12E-11,ROI03,Patient04,4977,8942,4957.287552,8892.135909,39.33037662,ATATCTCCCTCGTTAA-1
18,-0.0004443,0.0011377,-1.31E-09,-4.65E-05,6.47E-05,2061.79,-6.04E-08,7.01E-12,,0,0,2.77E-11,ROI03,Patient04,4977,8942,4944.333798,8915.022338,31.07603982,ATATCTCCCTCGTTAA-1
19,-0.0004643,0.0011377,1.77E-09,-8.99E-05,6.84E-05,1926.82,7.88E-09,4.18E-13,,0,0,1.59E-11,ROI03,Patient04,4977,8942,4931.380044,8937.908767,33.59718433,ATATCTCCCTCGTTAA-1
22,-0.0004243,0.0011577,-3.59E-09,-1.55E-05,6.25E-05,19.8078,4.23E-07,-2.60E-12,,0,0,8.68E-12,ROI03,Patient04,4905,8823,4933.070342,8879.482194,46.26482366,CCGTTACGTTAGAACA-1
23,-0.0004043,0.0011577,1.05E-08,-0.000236828,6.29E-05,30464.1,-7.30E-08,1.99E-11,,0,0,7.37E-11,ROI03,Patient04,4905,8823,4946.024097,8856.595765,38.89460321,CCGTTACGTTAGAACA-1
24,-0.0003843,0.0011577,-2.44E-09,-3.49E-05,6.35E-05,28.9489,2.90E-07,-6.97E-12,,0,0,8.06E-12,ROI03,Patient04,4905,8823,4958.977851,8833.709337,40.36527254,CCGTTACGTTAGAACA-1
25,-0.0003643,0.0011577,8.49E-10,-8.45E-05,6.46E-05,514.335,-1.47E-08,2.35E-13,,0,0,1.09E-11,ROI03,Patient04,4905,8823,4971.931605,8810.822908,49.90119351,CCGTTACGTTAGAACA-1
26,-0.0003443,0.0011577,3.46E-09,-0.000121942,6.53E-05,98.3302,8.71E-08,-1.61E-12,,0,0,1.07E-11,ROI03,Patient04,5043,8820,4984.885359,8787.936479,48.68557415,CACCCACGAGGCAATT-1
28,-0.0003043,0.0011577,-1.73E-09,-4.67E-05,6.51E-05,209.67,2.73E-08,1.51E-13,,0,0,1.08E-11,ROI03,Patient04,4972,8701,5010.792868,8742.163621,41.48949061,TGCCATTACTAAAGAA-1
29,-0.0002843,0.0011577,1.64E-11,-7.38E-05,6.54E-05,57.6584,1.82E-07,-1.62E-12,,0,0,8.72E-12,ROI03,Patient04,4972,8701,5023.746622,8719.277192,40.25495705,TGCCATTACTAAAGAA-1
30,-0.0002843,0.0011777,1.05E-09,-8.56E-05,6.83E-05,291.164,1.85E-08,-6.41E-13,,0,0,9.08E-12,ROI03,Patient04,4972,8701,4999.529412,8706.623477,20.61021105,TGCCATTACTAAAGAA-1
31,-0.0003043,0.0011777,3.47E-09,-0.000125941,6.58E-05,48.114,1.17E-07,1.82E-12,,0,0,9.32E-12,ROI03,Patient04,4972,8701,4986.575658,8729.509906,23.48694524,TGCCATTACTAAAGAA-1
32,-0.0003243,0.0011777,-3.18E-09,-2.52E-05,7.05E-05,206.29,1.72E-08,-1.83E-12,,0,0,1.03E-11,ROI03,Patient04,4972,8701,4973.621904,8752.396335,37.71871169,TGCCATTACTAAAGAA-1
35,-0.0003843,0.0011777,-2.32E-09,-3.93E-05,6.84E-05,36.4957,2.71E-07,-8.02E-12,,0,0,8.51E-12,ROI03,Patient04,4905,8823,4934.760641,8821.055622,21.8763957,CCGTTACGTTAGAACA-1
36,-0.0004043,0.0011777,-5.54E-09,6.47E-06,7.16E-05,966.62,-9.38E-09,4.65E-13,,0,0,7.40E-12,ROI03,Patient04,4905,8823,4921.806887,8843.942051,19.69647565,CCGTTACGTTAGAACA-1
37,-0.0004243,0.0011777,8.59E-10,-8.88E-05,6.61E-05,28.4825,2.10E-07,-2.55E-12,,0,0,7.89E-12,ROI03,Patient04,4905,8823,4908.853133,8866.82848,32.27281263,CCGTTACGTTAGAACA-1
38,-0.0004443,0.0011777,-3.76E-09,-2.31E-05,6.32E-05,82.6393,1.26E-07,2.78E-13,,0,0,9.57E-12,ROI03,Patient04,4905,8823,4895.899378,8889.714908,49.38953872,CCGTTACGTTAGAACA-1
39,-0.0004643,0.0011777,2.50E-09,-0.000119119,6.40E-05,325.197,-2.19E-09,3.42E-12,,0,0,1.25E-11,ROI03,Patient04,4838,8945,4882.945624,8912.601337,40.64081104,TCGCTAAACCGCTATC-1
40,-0.0004643,0.0011977,4.21E-09,-0.000145973,6.26E-05,196.399,5.36E-08,-9.35E-13,,0,0,1.27E-11,ROI03,Patient04,4838,8945,4858.728414,8899.947622,36.37656835,TCGCTAAACCGCTATC-1
41,-0.0004443,0.0011977,-3.52E-09,-2.56E-05,6.58E-05,59.6144,1.75E-07,-2.89E-12,,0,0,1.04E-11,ROI03,Patient04,4905,8823,4871.682169,8877.061194,46.58070029,CCGTTACGTTAGAACA-1
42,-0.0004243,0.0011977,4.03E-09,-0.000137527,6.77E-05,213.081,1.70E-08,6.94E-12,,0,0,1.32E-11,ROI03,Patient04,4905,8823,4884.635923,8854.174765,27.31354988,CCGTTACGTTAGAACA-1
43,-0.0004043,0.0011977,1.86E-08,-0.000336359,7.01E-05,135.611,7.12E-08,1.65E-12,,0,0,1.10E-11,ROI03,Patient04,4905,8823,4897.589677,8831.288336,8.155194203,CCGTTACGTTAGAACA-1
44,-0.0003843,0.0011977,3.05E-09,-0.000117173,7.16E-05,407.158,-2.01E-08,1.38E-11,,0,0,1.77E-11,ROI03,Patient04,4905,8823,4910.543431,8808.401907,11.45395984,CCGTTACGTTAGAACA-1
45,-0.0003643,0.0011977,2.35E-08,-0.000417242,6.85E-05,670.278,-4.04E-08,3.25E-11,,0,0,3.78E-11,ROI03,Patient04,4905,8823,4923.497185,8785.515478,30.66085481,CCGTTACGTTAGAACA-1
46,-0.0003443,0.0011977,-8.34E-10,-6.44E-05,7.18E-05,236.289,3.28E-08,2.74E-12,,0,0,1.07E-11,ROI03,Patient04,4905,8823,4936.45094,8762.629049,49.93187016,CCGTTACGTTAGAACA-1
47,-0.0003243,0.0011977,-3.98E-09,-2.33E-05,6.56E-05,508.881,1.91E-08,1.60E-12,,0,0,1.13E-11,ROI03,Patient04,4972,8701,4949.404694,8739.74262,32.89824547,TGCCATTACTAAAGAA-1
48,-0.0003043,0.0011977,6.39E-09,-0.000186358,6.19E-05,449.536,-1.11E-08,6.87E-13,,0,0,1.67E-11,ROI03,Patient04,4972,8701,4962.358448,8716.856191,13.61214192,TGCCATTACTAAAGAA-1
49,-0.0002843,0.0011977,-4.89E-09,-1.08E-05,7.05E-05,51.2091,1.61E-07,-4.71E-13,,0,0,8.82E-12,ROI03,Patient04,4972,8701,4975.312202,8693.969762,5.700445444,TGCCATTACTAAAGAA-1
50,-0.0002843,0.0012177,6.19E-09,-0.000168718,6.87E-05,29.297,2.28E-07,-4.82E-12,,0,0,8.72E-12,ROI03,Patient04,4972,8701,4951.094993,8681.316047,21.0619183,TGCCATTACTAAAGAA-1
51,-0.0003043,0.0012177,-4.34E-09,-2.21E-05,6.30E-05,201.699,1.61E-08,-5.00E-13,,0,0,9.57E-12,ROI03,Patient04,4972,8701,4938.141238,8704.202476,24.94672853,TGCCATTACTAAAGAA-1
52,-0.0003243,0.0012177,-1.09E-09,-7.80E-05,5.86E-05,19.2525,4.72E-07,-1.52E-11,,0,0,8.61E-12,ROI03,Patient04,4972,8701,4925.187484,8727.088905,39.31008705,TGCCATTACTAAAGAA-1
54,-0.0003643,0.0012177,1.75E-08,-0.000382557,5.96E-05,402.103,1.76E-08,-2.68E-12,,0,0,1.55E-11,ROI03,Patient04,4905,8823,4899.279976,8772.861763,37.01567287,CCGTTACGTTAGAACA-1
55,-0.0003843,0.0012177,1.08E-10,-9.22E-05,6.26E-05,130.084,8.47E-08,9.42E-13,,0,0,1.09E-11,ROI03,Patient04,4905,8823,4886.326221,8795.748192,24.23230795,CCGTTACGTTAGAACA-1
56,-0.0004043,0.0012177,-5.72E-10,-8.15E-05,6.47E-05,186.087,5.01E-08,-2.66E-12,,0,0,9.96E-12,ROI03,Patient04,4905,8823,4873.372467,8818.634621,23.4191861,CCGTTACGTTAGAACA-1
57,-0.0004243,0.0012177,1.93E-09,-0.000109046,7.22E-05,381.596,-2.33E-10,3.47E-12,,0,0,1.13E-11,ROI03,Patient04,4905,8823,4860.418713,8841.52105,35.41074166,CCGTTACGTTAGAACA-1
60,-0.0004643,0.0012377,1.83E-09,-0.000111866,6.99E-05,497.044,1.25E-08,2.98E-12,,0,0,1.08E-11,ROI03,Patient04,4767,8826,4810.293995,8874.640193,47.76433098,GGAAAGTGCCCATGCC-1
63,-0.0004043,0.0012377,2.61E-09,-0.000132302,6.56E-05,902.419,-4.05E-08,1.33E-12,,0,0,1.42E-11,ROI03,Patient04,4905,8823,4849.155257,8805.980906,42.82294255,CCGTTACGTTAGAACA-1
64,-0.0003843,0.0012377,-5.61E-09,-9.44E-06,6.59E-05,217.696,5.46E-08,-9.79E-12,,0,0,8.34E-12,ROI03,Patient04,4905,8823,4862.109012,8783.094477,42.97221599,CCGTTACGTTAGAACA-1
66,-0.0003443,0.0012377,-5.74E-09,-9.58E-06,6.23E-05,433.127,-4.70E-08,1.35E-12,,0,0,1.15E-11,ROI03,Patient04,4833,8704,4888.01652,8737.321619,47.18012456,GCCAGGAGTAACCGAT-1
68,-0.0003043,0.0012377,-6.10E-09,-4.69E-06,7.13E-05,207.949,4.93E-08,-2.82E-12,,0,0,8.79E-12,ROI03,Patient04,4972,8701,4913.924029,8691.548761,43.15997181,TGCCATTACTAAAGAA-1
69,-0.0002843,0.0012377,-6.49E-09,3.10E-07,7.16E-05,405.581,3.38E-08,2.29E-13,,0,0,7.05E-12,ROI03,Patient04,4972,8701,4926.877783,8668.662333,40.71988178,TGCCATTACTAAAGAA-1
72,-0.0003243,0.0012577,-6.42E-09,-1.66E-06,6.93E-05,1312.35,1.75E-08,-1.78E-13,,0,0,1.58E-11,ROI03,Patient04,4833,8704,4876.753065,8701.781475,32.13472766,GCCAGGAGTAACCGAT-1
73,-0.0003443,0.0012577,-8.09E-10,-8.86E-05,6.30E-05,58.528,1.59E-07,6.77E-13,,0,0,9.47E-12,ROI03,Patient04,4833,8704,4863.79931,8724.667904,27.20695078,GCCAGGAGTAACCGAT-1
74,-0.0003643,0.0012577,-5.57E-09,-1.56E-05,6.64E-05,1152.44,-3.04E-08,7.05E-13,,0,0,1.11E-11,ROI03,Patient04,4833,8704,4850.845556,8747.554333,34.52541727,GCCAGGAGTAACCGAT-1
75,-0.0003843,0.0012577,-4.85E-09,-2.72E-05,6.47E-05,175.688,1.61E-08,-3.67E-12,,0,0,1.09E-11,ROI03,Patient04,4833,8704,4837.891802,8770.440762,48.86716202,GCCAGGAGTAACCGAT-1
76,-0.0004043,0.0012577,2.60E-09,-0.000135317,6.80E-05,968.383,-5.15E-08,1.65E-11,,0,0,2.03E-11,ROI03,Patient04,4767,8826,4824.938048,8793.327191,48.79016784,GGAAAGTGCCCATGCC-1
77,-0.0004243,0.0012577,-7.97E-09,1.84E-05,6.98E-05,62.8804,1.08E-07,-1.31E-12,,0,0,9.49E-12,ROI03,Patient04,4767,8826,4811.984293,8816.21362,33.76843399,GGAAAGTGCCCATGCC-1
78,-0.0004443,0.0012577,-5.47E-09,-1.76E-05,7.00E-05,630.551,3.04E-08,7.67E-13,,0,0,8.07E-12,ROI03,Patient04,4767,8826,4799.030539,8839.100049,25.38390452,GGAAAGTGCCCATGCC-1
79,-0.0004643,0.0012577,-6.91E-09,2.05E-06,7.08E-05,713.65,5.63E-09,6.08E-13,,0,0,9.17E-12,ROI03,Patient04,4767,8826,4786.076785,8861.986478,29.87619288,GGAAAGTGCCCATGCC-1
81,-0.0004443,0.0012777,-6.94E-09,1.18E-06,6.38E-05,34.0874,1.51E-07,5.75E-12,,0,0,7.86E-12,ROI03,Patient04,4767,8826,4774.813329,8826.446334,5.740532099,GGAAAGTGCCCATGCC-1
82,-0.0004243,0.0012777,5.59E-09,-0.000205875,5.91E-05,124.293,1.05E-07,-8.04E-12,,0,0,1.13E-11,ROI03,Patient04,4767,8826,4787.767084,8803.559905,22.42718667,GGAAAGTGCCCATGCC-1
83,-0.0004043,0.0012777,3.97E-09,-0.000177298,6.10E-05,286.986,8.17E-09,1.42E-11,,0,0,2.11E-11,ROI03,Patient04,4767,8826,4800.720838,8780.673476,41.43926294,GGAAAGTGCCCATGCC-1
84,-0.0003843,0.0012777,2.46E-09,-0.000151,6.15E-05,70.3393,1.56E-07,-6.13E-12,,0,0,1.09E-11,ROI03,Patient04,4833,8704,4813.674592,8757.787047,41.92287742,GCCAGGAGTAACCGAT-1
85,-0.0003643,0.0012777,6.15E-09,-0.000200013,6.47E-05,106.47,8.23E-08,-5.80E-12,,0,0,1.09E-11,ROI03,Patient04,4833,8704,4826.628346,8734.900618,23.14288299,GCCAGGAGTAACCGAT-1
86,-0.0003443,0.0012777,-2.56E-09,-6.47E-05,6.92E-05,72.5771,1.07E-07,1.51E-12,,0,0,8.73E-12,ROI03,Patient04,4833,8704,4839.582101,8712.01419,7.607051547,GCCAGGAGTAACCGAT-1
87,-0.0003243,0.0012777,-4.16E-09,-4.13E-05,7.04E-05,147.009,8.64E-08,-4.61E-12,,0,0,7.95E-12,ROI03,Patient04,4833,8704,4852.535855,8689.127761,18.00972658,GCCAGGAGTAACCGAT-1
88,-0.0003043,0.0012777,-3.75E-09,-4.68E-05,6.96E-05,41.2338,2.02E-07,-5.11E-13,,0,0,9.04E-12,ROI03,Patient04,4833,8704,4865.489609,8666.241332,36.53822776,GCCAGGAGTAACCGAT-1
89,-0.0002843,0.0012777,-1.74E-09,-7.47E-05,7.29E-05,151.075,4.71E-08,3.34E-12,,0,0,1.01E-11,ROI03,Patient04,4900,8583,4878.443363,8643.354903,47.01021279,TATCGATCTATGCATA-1
90,-0.0002843,0.0012977,-6.58E-09,-1.05E-05,6.64E-05,134.324,8.17E-08,-2.64E-12,,0,0,8.02E-12,ROI03,Patient04,4900,8583,4854.226153,8630.701188,48.49327316,TATCGATCTATGCATA-1
91,-0.0003043,0.0012977,-3.45E-09,-5.72E-05,6.69E-05,799.303,-1.52E-08,1.82E-12,,0,0,1.07E-11,ROI03,Patient04,4833,8704,4841.272399,8653.587617,37.47275185,GCCAGGAGTAACCGAT-1
92,-0.0003243,0.0012977,-6.83E-09,-7.62E-06,6.87E-05,741.653,1.09E-08,2.13E-13,,0,0,8.87E-12,ROI03,Patient04,4833,8704,4828.318645,8676.474046,20.48059636,GCCAGGAGTAACCGAT-1
93,-0.0003443,0.0012977,-3.16E-09,-6.12E-05,6.78E-05,41.3163,1.99E-07,-3.74E-12,,0,0,7.87E-12,ROI03,Patient04,4833,8704,4815.364891,8699.360475,13.37577442,GCCAGGAGTAACCGAT-1
94,-0.0003643,0.0012977,-7.31E-09,-1.49E-06,6.49E-05,1392.27,-4.77E-08,2.87E-12,,0,0,1.64E-11,ROI03,Patient04,4833,8704,4802.411137,8722.246904,26.12616837,GCCAGGAGTAACCGAT-1
95,-0.0003843,0.0012977,-7.50E-09,4.02E-07,5.98E-05,332.177,4.42E-09,1.15E-12,,0,0,8.89E-12,ROI03,Patient04,4833,8704,4789.457382,8745.133332,43.93689593,GCCAGGAGTAACCGAT-1
96,-0.0004043,0.0012977,-7.05E-09,-7.44E-06,6.03E-05,183.958,5.41E-08,6.75E-13,,0,0,8.11E-12,ROI03,Patient04,4767,8826,4776.503628,8768.019761,43.09686292,GGAAAGTGCCCATGCC-1
97,-0.0004243,0.0012977,-7.70E-09,1.91E-06,5.70E-05,102.557,7.96E-08,1.13E-12,,0,0,7.93E-12,ROI03,Patient04,4767,8826,4763.549874,8790.90619,25.86591029,GGAAAGTGCCCATGCC-1
98,-0.0004443,0.0012977,-7.75E-09,1.74E-06,5.92E-05,1347.63,1.29E-08,1.53E-14,,0,0,7.65E-12,ROI03,Patient04,4767,8826,4750.59612,8813.792619,14.99866176,GGAAAGTGCCCATGCC-1
99,-0.0004643,0.0012977,-7.72E-09,3.65E-07,5.91E-05,579.248,6.31E-09,1.21E-12,,0,0,1.11E-11,ROI03,Patient04,4767,8826,4737.642365,8836.679048,22.91469424,GGAAAGTGCCCATGCC-1
1,0.0019027,0.0001348,1.61E-09,-0.000169824,6.07E-05,86.6602,1.07E-07,-2.35E-12,,0,0,1.02E-11,ROI04,Patient04,7696,6716,7740.250711,6696.325116,35.52229074,GCGAGGCCCGAGCAGA-1
3,0.0019427,0.0001348,3.90E-09,-0.000196329,6.47E-05,254.591,3.39E-08,-1.28E-12,,0,0,1.34E-11,ROI04,Patient04,7763,6594,7766.446709,6649.63079,40.88422315,TGCAGAGTACCGAGCA-1
4,0.0019627,0.0001348,-3.80E-09,-7.65E-05,6.73E-05,45.176,1.56E-07,-1.39E-12,,0,0,7.65E-12,ROI04,Patient04,7763,6594,7779.544707,6626.283627,26.60908238,TGCAGAGTACCGAGCA-1
5,0.0019827,0.0001348,1.79E-09,-0.000152442,6.67E-05,16.2834,3.29E-07,2.05E-12,,0,0,8.75E-12,ROI04,Patient04,7763,6594,7792.642706,6602.936464,22.70994309,TGCAGAGTACCGAGCA-1
6,0.0020027,0.0001348,-7.87E-09,-1.61E-05,6.98E-05,39.8669,1.36E-07,6.46E-13,,0,0,6.89E-12,ROI04,Patient04,7763,6594,7805.740705,6579.589302,33.0849581,TGCAGAGTACCGAGCA-1
7,0.0020227,0.0001348,-5.82E-09,-4.65E-05,7.07E-05,91.6874,9.46E-08,-1.46E-12,,0,0,7.51E-12,ROI04,Patient04,7763,6594,7818.838703,6556.242139,49.44352413,TGCAGAGTACCGAGCA-1
9,0.0020627,0.0001348,-7.79E-09,-2.06E-05,7.37E-05,153.582,5.05E-08,-8.64E-13,,0,0,6.78E-12,ROI04,Patient04,7830,6472,7845.034701,6509.547813,29.66773226,CTTCGTAGATAGGTGA-1
11,0.0020427,0.0001548,-8.00E-09,-1.82E-05,7.38E-05,383.463,1.04E-08,2.20E-12,,0,0,8.52E-12,ROI04,Patient04,7830,6472,7808.23278,6520.359227,38.89996148,CTTCGTAGATAGGTGA-1
12,0.0020227,0.0001548,-6.21E-09,-4.59E-05,6.77E-05,143.757,9.00E-08,7.96E-14,,0,0,8.18E-12,ROI04,Patient04,7763,6594,7795.134782,6543.70639,43.77852196,TGCAGAGTACCGAGCA-1
13,0.0020027,0.0001548,-7.88E-09,-2.22E-05,6.23E-05,40.6155,1.85E-07,1.35E-13,,0,0,8.14E-12,ROI04,Patient04,7763,6594,7782.036783,6567.053553,24.20052578,TGCAGAGTACCGAGCA-1
15,0.0019627,0.0001548,-4.55E-09,-8.01E-05,6.01E-05,55.8559,2.00E-07,-4.18E-12,,0,0,8.81E-12,ROI04,Patient04,7763,6594,7755.840786,6613.747879,15.40786929,TGCAGAGTACCGAGCA-1
16,0.0019427,0.0001548,-8.58E-09,-1.45E-05,6.38E-05,164.542,6.47E-08,4.41E-14,,0,0,6.76E-12,ROI04,Patient04,7763,6594,7742.742787,6637.095041,34.92897024,TGCAGAGTACCGAGCA-1
18,0.0019027,0.0001548,-7.92E-09,-2.72E-05,5.84E-05,146.923,5.56E-08,1.03E-12,,0,0,1.52E-11,ROI04,Patient04,7696,6716,7716.54679,6683.789367,28.02461733,GCGAGGCCCGAGCAGA-1
20,0.0018827,0.0001748,-6.90E-09,-4.75E-05,5.70E-05,18.7616,4.32E-07,-1.24E-12,,0,0,8.67E-12,ROI04,Patient04,7696,6716,7679.744869,6694.600781,19.71169762,GCGAGGCCCGAGCAGA-1
21,0.0019027,0.0001748,-6.54E-09,-5.27E-05,5.91E-05,581.753,2.44E-08,-5.75E-12,,0,0,1.19E-11,ROI04,Patient04,7696,6716,7692.842868,6671.253618,32.9037049,GCGAGGCCCGAGCAGA-1
23,0.0019427,0.0001748,1.14E-08,-0.000296135,6.99E-05,76.3536,9.63E-08,5.12E-13,,0,0,9.85E-12,ROI04,Patient04,7763,6594,7719.038865,6624.559293,39.27180673,TGCAGAGTACCGAGCA-1
24,0.0019627,0.0001748,-1.06E-08,1.10E-05,7.19E-05,69.0957,1.26E-07,2.38E-13,,0,0,7.87E-12,ROI04,Patient04,7763,6594,7732.136864,6601.21213,23.2484449,TGCAGAGTACCGAGCA-1
28,0.0020427,0.0001748,-4.01E-09,-8.13E-05,7.14E-05,47.9192,1.55E-07,-4.95E-12,,0,0,7.84E-12,ROI04,Patient04,7830,6472,7784.528859,6507.823478,42.46120352,CTTCGTAGATAGGTGA-1
29,0.0020627,0.0001748,-6.34E-09,-4.87E-05,7.40E-05,175.524,4.81E-08,2.00E-12,,0,0,8.04E-12,ROI04,Patient04,7830,6472,7797.626857,6484.476316,25.44859877,CTTCGTAGATAGGTGA-1
30,0.0020627,0.0001948,-8.98E-09,-1.43E-05,6.45E-05,22.7164,2.59E-07,-8.94E-13,,0,0,7.08E-12,ROI04,Patient04,7830,6472,7773.922936,6471.940567,41.13334992,CTTCGTAGATAGGTGA-1
33,0.0020027,0.0001948,-4.32E-09,-9.76E-05,5.84E-05,199.253,4.91E-08,-1.95E-12,,0,0,1.36E-11,ROI04,Patient04,7763,6594,7734.62894,6541.982055,43.46208909,TGCAGAGTACCGAGCA-1
38,0.0019027,0.0001948,-4.34E-09,-9.60E-05,6.03E-05,46.0992,2.19E-07,-4.59E-12,,0,0,8.88E-12,ROI04,Patient04,7696,6716,7669.138946,6658.71787,46.40751016,GCGAGGCCCGAGCAGA-1
39,0.0018827,0.0001948,-4.67E-09,-8.97E-05,6.10E-05,21.2593,3.71E-07,-4.60E-12,,0,0,7.46E-12,ROI04,Patient04,7696,6716,7656.040948,6682.065033,38.45397658,GCGAGGCCCGAGCAGA-1
41,0.0019027,0.0002148,2.12E-09,-0.00018698,6.38E-05,26.9346,2.65E-07,-8.15E-12,,0,0,9.90E-12,ROI04,Patient04,7625,6597,7645.435025,6646.182121,39.06589318,CGCTACGGGACATTTA-1
42,0.0019227,0.0002148,-9.38E-09,-1.44E-05,6.69E-05,456.569,-1.30E-08,8.16E-13,,0,0,8.18E-12,ROI04,Patient04,7625,6597,7658.533023,6622.834958,31.05035035,CGCTACGGGACATTTA-1
44,0.0019627,0.0002148,5.03E-10,-0.00014424,7.44E-05,157.488,4.08E-08,6.67E-12,,0,0,1.75E-11,ROI04,Patient04,7625,6597,7684.729021,6576.140632,46.40699102,CGCTACGGGACATTTA-1
46,0.0020027,0.0002148,-9.14E-09,-2.75E-05,4.84E-05,29.3457,2.70E-07,-1.82E-12,,0,0,7.48E-12,ROI04,Patient04,7691,6475,7710.925018,6529.446307,42.52742551,GAAGTGATTTATCGTG-1
47,0.0020227,0.0002148,-9.02E-09,-2.78E-05,4.82E-05,18.7042,3.50E-07,-3.47E-12,,0,0,7.54E-12,ROI04,Patient04,7691,6475,7724.023017,6506.099144,33.2733938,GAAGTGATTTATCGTG-1
48,0.0020427,0.0002148,-5.61E-09,-9.16E-05,5.27E-05,245.696,2.25E-08,6.78E-13,,0,0,1.13E-11,ROI04,Patient04,7691,6475,7737.121015,6482.751981,34.30495936,GAAGTGATTTATCGTG-1
49,0.0020627,0.0002148,-6.76E-09,-6.91E-05,5.66E-05,485.883,-8.67E-09,2.64E-12,,0,0,1.12E-11,ROI04,Patient04,7691,6475,7750.219014,6459.404818,44.91899849,GAAGTGATTTATCGTG-1
50,0.0020627,0.0002348,-8.65E-09,-3.70E-05,5.52E-05,147.026,8.15E-08,-2.08E-12,,0,0,8.75E-12,ROI04,Patient04,7691,6475,7726.515092,6446.869069,33.23290002,GAAGTGATTTATCGTG-1
51,0.0020427,0.0002348,-1.25E-08,3.60E-05,5.08E-05,313.909,4.73E-08,5.08E-12,,0,0,1.58E-11,ROI04,Patient04,7691,6475,7713.417093,6470.216232,16.81349288,GAAGTGATTTATCGTG-1
52,0.0020227,0.0002348,-2.11E-09,-0.000179865,4.76E-05,109.29,3.95E-08,3.23E-12,,0,0,1.16E-11,ROI04,Patient04,7691,6475,7700.319095,6493.563395,15.23601421,GAAGTGATTTATCGTG-1
53,0.0020027,0.0002348,-7.59E-09,-6.66E-05,4.85E-05,132.662,7.39E-08,-2.09E-12,,0,0,8.53E-12,ROI04,Patient04,7691,6475,7687.221096,6516.910558,30.86670379,GAAGTGATTTATCGTG-1
54,0.0019827,0.0002348,-9.71E-09,-1.90E-05,6.43E-05,43.752,1.80E-07,-1.88E-12,,0,0,6.39E-12,ROI04,Patient04,7691,6475,7674.123097,6540.257721,49.44234384,GAAGTGATTTATCGTG-1
55,0.0019627,0.0002348,-7.89E-09,-4.27E-05,7.37E-05,52.152,1.32E-07,-6.42E-13,,0,0,6.65E-12,ROI04,Patient04,7625,6597,7661.025099,6563.604884,36.03221533,CGCTACGGGACATTTA-1
57,0.0019227,0.0002348,-9.80E-09,-1.92E-05,6.37E-05,110.223,4.57E-08,5.84E-13,,0,0,8.61E-12,ROI04,Patient04,7625,6597,7634.829101,6610.299209,12.13029924,CGCTACGGGACATTTA-1
58,0.0019027,0.0002348,-7.45E-09,-5.95E-05,5.87E-05,19.6139,3.48E-07,-4.18E-12,,0,0,7.39E-12,ROI04,Patient04,7625,6597,7621.731103,6633.646372,26.98736742,CGCTACGGGACATTTA-1
59,0.0018827,0.0002348,-1.06E-08,-8.99E-06,6.33E-05,64.3153,1.09E-07,-3.62E-13,,0,0,6.91E-12,ROI04,Patient04,7625,6597,7608.633104,6656.993535,45.61432372,CGCTACGGGACATTTA-1
60,0.0018827,0.0002548,-1.04E-08,-1.22E-05,5.92E-05,207.986,2.30E-08,1.29E-12,,0,0,7.78E-12,ROI04,Patient04,7625,6597,7584.929182,6644.457786,45.56010524,CGCTACGGGACATTTA-1
61,0.0019027,0.0002548,-5.84E-09,-9.03E-05,5.81E-05,445.099,-3.03E-08,-2.97E-12,,0,0,1.23E-11,ROI04,Patient04,7625,6597,7598.027181,6621.110624,26.53715459,CGCTACGGGACATTTA-1
62,0.0019227,0.0002548,-3.74E-09,-0.000118866,6.21E-05,1136.95,-6.20E-08,3.61E-12,,0,0,1.55E-11,ROI04,Patient04,7625,6597,7611.12518,6597.763461,10.19277418,CGCTACGGGACATTTA-1
63,0.0019427,0.0002548,-9.25E-09,-2.82E-05,6.79E-05,3410.04,-7.31E-08,2.89E-12,,0,0,2.71E-11,ROI04,Patient04,7625,6597,7624.223178,6574.416298,16.57526485,CGCTACGGGACATTTA-1
64,0.0019627,0.0002548,-1.02E-08,-1.69E-05,6.60E-05,40.5724,1.64E-07,5.71E-14,,0,0,5.90E-12,ROI04,Patient04,7625,6597,7637.321177,6551.069135,34.8820993,CGCTACGGGACATTTA-1
65,0.0019827,0.0002548,-8.62E-09,-4.70E-05,5.49E-05,53.1443,1.40E-07,7.40E-13,,0,0,8.64E-12,ROI04,Patient04,7691,6475,7650.419176,6527.721972,48.80163438,GAAGTGATTTATCGTG-1
66,0.0020027,0.0002548,-1.09E-08,-1.08E-05,4.76E-05,87.3567,1.12E-07,-6.83E-13,,0,0,8.91E-12,ROI04,Patient04,7691,6475,7663.517174,6504.374809,29.50683765,GAAGTGATTTATCGTG-1
67,0.0020227,0.0002548,-1.13E-08,-2.44E-06,4.59E-05,77.0681,9.66E-08,-1.18E-12,,0,0,6.78E-12,ROI04,Patient04,7691,6475,7676.615173,6481.027646,11.44037178,GAAGTGATTTATCGTG-1
68,0.0020427,0.0002548,-1.05E-08,-1.93E-05,5.02E-05,592.193,-5.45E-09,1.02E-12,,0,0,8.65E-12,ROI04,Patient04,7691,6475,7689.713172,6457.680484,12.73912996,GAAGTGATTTATCGTG-1
69,0.0020627,0.0002548,-1.12E-08,-6.11E-06,5.67E-05,19.4238,2.00E-07,1.55E-12,,0,0,5.38E-12,ROI04,Patient04,7691,6475,7702.81117,6434.333321,31.06225114,GAAGTGATTTATCGTG-1
70,0.0020627,0.0002748,-1.05E-08,-2.00E-05,5.38E-05,208.248,-8.56E-09,1.50E-12,,0,0,9.71E-12,ROI04,Patient04,7691,6475,7679.107249,6421.797572,39.98787104,GAAGTGATTTATCGTG-1
71,0.0020427,0.0002748,-9.55E-09,-4.00E-05,5.11E-05,795.462,-2.67E-08,1.82E-12,,0,0,1.54E-11,ROI04,Patient04,7691,6475,7666.00925,6445.144735,28.55881484,GAAGTGATTTATCGTG-1
72,0.0020227,0.0002748,-6.54E-09,-9.32E-05,5.30E-05,19.1842,3.21E-07,-4.70E-12,,0,0,7.27E-12,ROI04,Patient04,7691,6475,7652.911251,6468.491898,28.34354719,GAAGTGATTTATCGTG-1
73,0.0020027,0.0002748,-1.18E-08,1.63E-06,5.08E-05,21.8381,3.42E-07,-1.50E-12,,0,0,7.54E-12,ROI04,Patient04,7691,6475,7639.813253,6491.839061,39.52571463,GAAGTGATTTATCGTG-1
75,0.0019627,0.0002748,-1.00E-08,-2.86E-05,6.15E-05,58.3635,1.60E-07,-5.87E-12,,0,0,6.15E-12,ROI04,Patient04,7625,6597,7613.617255,6538.533386,43.69130056,CGCTACGGGACATTTA-1
76,0.0019427,0.0002748,-7.67E-09,-6.53E-05,6.26E-05,46.3592,1.91E-07,-6.79E-12,,0,0,7.03E-12,ROI04,Patient04,7625,6597,7600.519257,6561.880549,31.40163031,CGCTACGGGACATTTA-1
77,0.0019227,0.0002748,-2.10E-09,-0.000167491,5.68E-05,132.283,9.53E-08,-5.50E-12,,0,0,1.23E-11,ROI04,Patient04,7625,6597,7587.421258,6585.227712,28.88545853,CGCTACGGGACATTTA-1
78,0.0019027,0.0002748,-9.82E-09,-3.56E-05,5.68E-05,1870.08,-1.01E-07,2.91E-12,,0,0,1.26E-11,ROI04,Patient04,7625,6597,7574.323259,6608.574875,38.12940769,CGCTACGGGACATTTA-1
80,0.0018827,0.0002948,-1.03E-08,-3.30E-05,5.21E-05,84.7261,7.20E-08,-1.10E-12,,0,0,8.90E-12,ROI04,Patient04,7486,6600,7537.521339,6619.386289,40.37845517,CGATCCGACCCAGTGC-1
81,0.0019027,0.0002948,-7.19E-11,-0.000208493,5.65E-05,379.451,-3.70E-08,8.35E-12,,0,0,1.70E-11,ROI04,Patient04,7486,6600,7550.619338,6596.039126,47.48816526,CGATCCGACCCAGTGC-1
82,0.0019227,0.0002948,-3.47E-09,-0.000146532,5.61E-05,154.64,4.93E-08,2.02E-12,,0,0,9.37E-12,ROI04,Patient04,7625,6597,7563.717336,6572.691963,48.35881892,CGCTACGGGACATTTA-1
83,0.0019427,0.0002948,-7.77E-09,-7.42E-05,5.82E-05,284.03,-1.18E-08,7.95E-13,,0,0,1.28E-11,ROI04,Patient04,7625,6597,7576.815335,6549.3448,49.71030025,CGCTACGGGACATTTA-1
84,0.0019627,0.0002948,-1.10E-08,-2.00E-05,6.00E-05,101.897,6.13E-08,-4.01E-13,,0,0,7.98E-12,ROI04,Patient04,7553,6478,7589.913334,6525.997638,44.41468203,CCACACTGAGATATTA-1
85,0.0019827,0.0002948,-9.91E-09,-4.13E-05,5.42E-05,25.9383,2.91E-07,-2.10E-12,,0,0,8.31E-12,ROI04,Patient04,7553,6478,7603.011332,6502.650475,40.89813539,CCACACTGAGATATTA-1
86,0.0020027,0.0002948,-1.11E-08,-2.15E-05,5.27E-05,36.9834,2.19E-07,-1.94E-12,,0,0,7.61E-12,ROI04,Patient04,7553,6478,7616.109331,6479.303312,46.30146505,CCACACTGAGATATTA-1
87,0.0020227,0.0002948,-7.62E-09,-8.35E-05,5.47E-05,126.389,9.31E-08,-2.01E-12,,0,0,1.24E-11,ROI04,Patient04,7691,6475,7629.20733,6455.956149,47.42952468,GAAGTGATTTATCGTG-1
88,0.0020427,0.0002948,-1.18E-08,-1.01E-05,5.66E-05,59.3224,1.28E-07,-7.47E-13,,0,0,6.10E-12,ROI04,Patient04,7691,6475,7642.305328,6432.608986,47.35667811,GAAGTGATTTATCGTG-1
89,0.0020627,0.0002948,-9.34E-09,-5.34E-05,5.48E-05,32.8658,1.89E-07,4.96E-13,,0,0,7.29E-12,ROI04,Patient04,7619,6356,7655.403327,6409.261823,47.32175656,CGATACCTCGCGGACA-1
90,0.0020627,0.0003148,2.58E-09,-0.000283261,5.14E-05,763.84,3.74E-08,-4.18E-12,,0,0,2.43E-11,ROI04,Patient04,7619,6356,7631.699405,6396.726075,31.2918256,CGATACCTCGCGGACA-1
91,0.0020427,0.0003148,-1.01E-08,-4.07E-05,5.65E-05,41.1413,1.76E-07,-3.37E-12,,0,0,6.49E-12,ROI04,Patient04,7619,6356,7618.601407,6420.073237,46.99954318,CGATACCTCGCGGACA-1
92,0.0020227,0.0003148,-1.18E-08,-1.20E-05,5.63E-05,165.198,-6.89E-09,3.94E-12,,0,0,7.65E-12,ROI04,Patient04,7553,6478,7605.503408,6443.4204,46.11440653,CCACACTGAGATATTA-1
93,0.0020027,0.0003148,-1.22E-08,-7.17E-06,5.76E-05,107.106,3.05E-08,1.17E-12,,0,0,5.81E-12,ROI04,Patient04,7553,6478,7592.405409,6466.767563,30.05577654,CCACACTGAGATATTA-1
94,0.0019827,0.0003148,-8.12E-09,-7.87E-05,5.55E-05,33.7302,1.72E-07,-2.45E-12,,0,0,7.65E-12,ROI04,Patient04,7553,6478,7579.307411,6490.114726,21.24466061,CCACACTGAGATATTA-1
95,0.0019627,0.0003148,-1.15E-08,-1.98E-05,5.84E-05,16.7235,2.86E-07,-7.22E-13,,0,0,6.13E-12,ROI04,Patient04,7553,6478,7566.209412,6513.461889,27.75781319,CCACACTGAGATATTA-1
96,0.0019427,0.0003148,-1.17E-08,-1.75E-05,5.87E-05,521.28,-8.61E-09,4.86E-13,,0,0,9.32E-12,ROI04,Patient04,7553,6478,7553.111413,6536.809052,43.13735585,CCACACTGAGATATTA-1
98,0.0019027,0.0003148,-3.03E-09,-0.000180419,5.29E-05,1146.83,-3.19E-09,-8.92E-12,,0,0,2.80E-11,ROI04,Patient04,7486,6600,7526.915416,6583.503377,32.35961865,CGATCCGACCCAGTGC-1
99,0.0018827,0.0003148,-8.85E-09,-7.57E-05,5.11E-05,1467.42,-1.07E-08,1.02E-12,,0,0,1.20E-11,ROI04,Patient04,7486,6600,7513.817417,6606.85054,21.01410976,CGATCCGACCCAGTGC-1